tag,dataset,seed,class,precision,recall,f1,fpr,support
snn_baseline,edgeiiot,42,Benign,0.9854263960313278,0.9998709344346928,0.9925961177665718,0.03862640273563551,54236
snn_baseline,edgeiiot,42,DDoS,0.9565373886439306,0.9709535988308367,0.9636915824305335,0.007540865872507845,10948
snn_baseline,edgeiiot,42,Reconnaissance,0.9807098765432098,0.9485074626865672,0.9643399089529591,0.0006913812414441571,2680
snn_baseline,edgeiiot,42,BruteForce,0.8577892695539754,0.7006335797254488,0.7712874164487068,0.0030093700841255728,1894
snn_baseline,edgeiiot,42,WebAttack,0.884024354885474,0.7803941643204505,0.8289831430125068,0.005626512125133629,3907
snn_baseline,edgeiiot,42,Malware,0.9975165562913907,0.9450980392156862,0.9706000805477245,4.069231186587814e-05,1275
snn_baseline,edgeiiot,42,Spoofing,1.0,1.0,1.0,0.0,59
snn_baseline,cicids2017,42,Benign,0.9973055824459504,0.9983525801502059,0.997828806650793,0.012762705387848681,61915
snn_baseline,cicids2017,42,DDoS,0.9997395833333333,0.9989591465001301,0.9993492125471821,1.4053431145214103e-05,3843
snn_baseline,cicids2017,42,DoS,0.9965433805737989,0.9920853406744666,0.9943093636833937,0.00028906746834711223,5812
snn_baseline,cicids2017,42,Reconnaissance,0.9930275229357798,0.9985239852398524,0.9957681692732291,0.00026283026698021856,2710
snn_baseline,cicids2017,42,BruteForce,0.9781818181818182,0.8432601880877743,0.9057239057239057,8.034172011622768e-05,319
snn_baseline,cicids2017,42,WebAttack,0.5548387096774193,0.8349514563106796,0.6666666666666666,0.0009212652042137869,103
snn_baseline,cicids2017,42,Malware,0.8619246861924686,0.6912751677852349,0.7672253258845437,0.00044175524082353885,298
snn_baseline,ciciot2023,42,Benign,0.7339130434782609,0.8387577639751553,0.782840579710145,0.017245508982035928,4025
snn_baseline,ciciot2023,42,DDoS,0.8666908439286628,0.9323037382105239,0.8983007749881153,0.19886707189001687,43577
snn_baseline,ciciot2023,42,DoS,0.7139661544446606,0.5414914804160212,0.6158815386551449,0.047865501358983126,13557
snn_baseline,ciciot2023,42,Reconnaissance,0.6825071691929537,0.6629526462395543,0.6725878078320549,0.010691572281926414,2513
snn_baseline,ciciot2023,42,BruteForce,0.48677248677248675,0.30666666666666664,0.37627811860940696,0.0012985274431057564,300
snn_baseline,ciciot2023,42,WebAttack,0.3684210526315789,0.23333333333333334,0.2857142857142857,0.001606425702811245,300
snn_baseline,ciciot2023,42,Malware,0.9980066445182725,0.9950314673733024,0.996516835296069,0.0002729630135116692,9057
snn_baseline,ciciot2023,42,Spoofing,0.860632183908046,0.7169359664871334,0.782239634345413,0.0026456108770063686,1671
snn_baseline,toniot_network,42,Benign,0.9792325056433409,0.968736042876284,0.9739559946115851,0.0006321894369391036,2239
snn_baseline,toniot_network,42,DDoS,0.9994319795512638,0.9996753378515483,0.999553643888979,0.00027799289132463613,24641
snn_baseline,toniot_network,42,DoS,0.9983861206374823,0.999394184168013,0.9988898980724594,0.00011420413990007138,4952
snn_baseline,toniot_network,42,Reconnaissance,0.9988515036794419,0.999319090986467,0.999085242623439,0.0005242311276794035,23498
snn_baseline,toniot_network,42,BruteForce,0.9991298042059463,0.9992747316507108,0.9992022626731453,8.809537792917132e-05,6894
snn_baseline,toniot_network,42,WebAttack,0.9991486946651532,0.9996214630453298,0.9993850229433748,0.00013967564211996586,10567
snn_baseline,toniot_network,42,Malware,0.9980449657869013,0.9931906614785992,0.9956118966357874,5.4835083486414606e-05,2056
snn_baseline,toniot_network,42,Spoofing,0.9503105590062112,0.9870967741935484,0.9683544303797469,0.00010688471147808195,155
ann_baseline,edgeiiot,42,Benign,0.9999631091599955,0.9995574894903754,0.9997602581834947,9.632519385445263e-05,54236
ann_baseline,edgeiiot,42,DDoS,0.9670607345907409,0.978808914870296,0.9728993599346316,0.005698583940922077,10948
ann_baseline,edgeiiot,42,Reconnaissance,0.982122905027933,0.983955223880597,0.9830382106244175,0.0006637259917863909,2680
ann_baseline,edgeiiot,42,BruteForce,0.9520295202952029,0.8173178458289335,0.8795454545454545,0.001066958484371794,1894
ann_baseline,edgeiiot,42,WebAttack,0.9083292262198127,0.9434348605067827,0.925549278091651,0.0052326562763742755,3907
ann_baseline,edgeiiot,42,Malware,0.9984326018808778,0.9992156862745099,0.9988239905919247,2.7128207910585428e-05,1275
ann_baseline,edgeiiot,42,Spoofing,1.0,1.0,1.0,0.0,59
ann_baseline,cicids2017,42,Benign,0.9975480707188025,0.9987886618751514,0.9981679808243279,0.01161635460450898,61915
ann_baseline,cicids2017,42,DDoS,1.0,0.9989591465001301,0.9994793022650351,0.0,3843
ann_baseline,cicids2017,42,DoS,0.9974102209944752,0.9939779766001376,0.995691140985867,0.00021680060126033415,5812
ann_baseline,cicids2017,42,Reconnaissance,0.9952223447262036,0.9992619926199262,0.9972380777020806,0.00017983123530225482,2710
ann_baseline,cicids2017,42,BruteForce,0.9891304347826086,0.8557993730407524,0.9176470588235294,4.017086005811384e-05,319
ann_baseline,cicids2017,42,WebAttack,0.6,0.8155339805825242,0.691358024691358,0.000747693499072059,103
ann_baseline,cicids2017,42,Malware,0.8708333333333333,0.7013422818791947,0.7769516728624535,0.0004149821959251426,298
ann_baseline,ciciot2023,42,Benign,0.7440597420230821,0.8168944099378882,0.778777830412127,0.01593518844663614,4025
ann_baseline,ciciot2023,42,DDoS,0.8569181413639656,0.9500883493586066,0.9011012928220085,0.21999809057060116,43577
ann_baseline,ciciot2023,42,DoS,0.7538217642396104,0.4910378402301394,0.5946935858495622,0.03538238692772163,13557
ann_baseline,ciciot2023,42,Reconnaissance,0.672936660268714,0.6975726223637088,0.6850332161000391,0.01175383172155007,2513
ann_baseline,ciciot2023,42,BruteForce,0.45933014354066987,0.32,0.37721021611001965,0.0015127175368139223,300
ann_baseline,ciciot2023,42,WebAttack,0.46496815286624205,0.24333333333333335,0.31947483588621445,0.0011244979919678715,300
ann_baseline,ciciot2023,42,Malware,0.9972335952196525,0.9950314673733024,0.996131314247817,0.00037911529654398497,9057
ann_baseline,ciciot2023,42,Spoofing,0.8570427470217239,0.7318970676241772,0.789541639767592,0.0027819825716974187,1671
ann_baseline,toniot_network,42,Benign,0.9790084859312193,0.9790084859312193,0.9790084859312193,0.0006459326855682146,2239
ann_baseline,toniot_network,42,DDoS,0.9995941064252953,0.9994318412402095,0.9995129672470474,0.00019856635094616867,24641
ann_baseline,toniot_network,42,DoS,0.9991925716592652,0.9995961227786753,0.9993943064809206,5.710206995003569e-05,4952
ann_baseline,toniot_network,42,Reconnaissance,0.9993191489361702,0.9994042046131586,0.9993616749648921,0.00031065548306927616,23498
ann_baseline,toniot_network,42,BruteForce,0.9989852131052479,0.9995648389904265,0.9992749419953596,0.00010277794091736653,6894
ann_baseline,toniot_network,42,WebAttack,0.9991485335856197,0.9994321945679947,0.9992903439466339,0.00013967564211996586,10567
ann_baseline,toniot_network,42,Malware,0.9985315712187959,0.9922178988326849,0.9953647231031959,4.1126312614810956e-05,2056
ann_baseline,toniot_network,42,Spoofing,0.9565217391304348,0.9935483870967742,0.9746835443037974,9.35241225433217e-05,155
fl_iid,edgeiiot,42,Benign,0.9591320200357528,0.9991518548565529,0.9787330112430578,0.11120743630496556,54236
fl_iid,edgeiiot,42,DDoS,0.954772475027747,0.9429119473876507,0.9488051470588236,0.007634541224961359,10948
fl_iid,edgeiiot,42,Reconnaissance,0.9694341181330028,0.8757462686567165,0.9202117231915311,0.0010232442373373527,2680
fl_iid,edgeiiot,42,BruteForce,0.6868686868686869,0.1795142555438226,0.28463792381749686,0.0021202380138157445,1894
fl_iid,edgeiiot,42,WebAttack,0.642069550466497,0.5812643972357308,0.6101558301988178,0.01780791087604794,3907
fl_iid,edgeiiot,42,Malware,0.9906462585034014,0.9137254901960784,0.9506323949408405,0.00014920514350821984,1275
fl_iid,edgeiiot,42,Spoofing,1.0,1.0,1.0,0.0,59
fl_iid,cicids2017,42,Benign,0.9945898075839305,0.9976419284502948,0.9961135300757942,0.025678257546809323,61915
fl_iid,cicids2017,42,DDoS,0.9942931258106356,0.9973978662503252,0.9958430761236685,0.0003091754851947103,3843
fl_iid,cicids2017,42,DoS,0.9876133984647593,0.9740192704748796,0.9807692307692307,0.0010261895126322483,5812
fl_iid,cicids2017,42,Reconnaissance,0.9918789221114802,0.9915129151291513,0.9916958848496032,0.00030432978281920046,2710
fl_iid,cicids2017,42,BruteForce,0.9779411764705882,0.8338557993730408,0.9001692047377327,8.034172011622768e-05,319
fl_iid,cicids2017,42,WebAttack,0.6131386861313869,0.8155339805825242,0.7,0.0007076384901931987,103
fl_iid,cicids2017,42,Malware,0.8736842105263158,0.5570469798657718,0.680327868852459,0.00032127653878075553,298
fl_iid,ciciot2023,42,Benign,0.65824493731919,0.8479503105590062,0.7411509229098806,0.024966537513208875,4025
fl_iid,ciciot2023,42,DDoS,0.8464650634740427,0.9410239346444225,0.8912433983177935,0.23670559781052095,43577
fl_iid,ciciot2023,42,DoS,0.7112570572646618,0.4553367264143985,0.5552257600287821,0.040785768924043425,13557
fl_iid,ciciot2023,42,Reconnaissance,0.6546822742474916,0.6231595702347792,0.6385321100917432,0.011395146715962862,2513
fl_iid,ciciot2023,42,BruteForce,0.583941605839416,0.26666666666666666,0.36613272311212813,0.0007630522088353413,300
fl_iid,ciciot2023,42,WebAttack,0.75,0.07,0.12804878048780488,9.370816599732262e-05,300
fl_iid,ciciot2023,42,Malware,0.9909382252182561,0.9900629347466048,0.9905003866121728,0.0012434981726642707,9057
fl_iid,ciciot2023,42,Spoofing,0.7253456221198157,0.47097546379413524,0.5711175616835994,0.004063876501793288,1671
fl_iid,toniot_network,42,Benign,0.8981525343439128,0.8468066100937919,0.8717241379310345,0.0029547984552588543,2239
fl_iid,toniot_network,42,DDoS,0.9896890542234442,0.9933038431881823,0.9914931540144212,0.005063441949127301,24641
fl_iid,toniot_network,42,DoS,0.9856768206576558,0.9866720516962844,0.9861741850842668,0.0010135617416131334,4952
fl_iid,toniot_network,42,Reconnaissance,0.9970623297002725,0.9966380117456805,0.9968501255693185,0.0013397017707362535,23498
fl_iid,toniot_network,42,BruteForce,0.9697704263510624,0.9865100087032201,0.9780685985474941,0.0031127033534973864,6894
fl_iid,toniot_network,42,WebAttack,0.9772705567758572,0.9683921642850384,0.9728111037170833,0.0036936447582835417,10567
fl_iid,toniot_network,42,Malware,0.9849001461276181,0.9834630350194552,0.9841810659527865,0.00042497189701971324,2056
fl_iid,toniot_network,42,Spoofing,0.8202247191011236,0.9419354838709677,0.8768768768768769,0.0004275388459123278,155
fl_alpha2.0,edgeiiot,42,Benign,0.9632479695747215,0.9993546721734641,0.9809691869146192,0.09960025044550402,54236
fl_alpha2.0,edgeiiot,42,DDoS,0.9435855709248712,0.9533248081841432,0.9484301876505066,0.009742236655165415,10948
fl_alpha2.0,edgeiiot,42,Reconnaissance,0.9662828947368421,0.8768656716417911,0.9194053208137715,0.0011338652359684177,2680
fl_alpha2.0,edgeiiot,42,BruteForce,0.6451612903225806,0.1583949313621964,0.2543450614667232,0.0022570275630941798,1894
fl_alpha2.0,edgeiiot,42,WebAttack,0.6402177026639931,0.5720501663680573,0.6042173560421735,0.017667248072919597,3907
fl_alpha2.0,edgeiiot,42,Malware,0.9607201309328969,0.9207843137254902,0.9403283940728875,0.0006510769898540503,1275
fl_alpha2.0,edgeiiot,42,Spoofing,1.0,1.0,1.0,0.0,59
fl_alpha2.0,cicids2017,42,Benign,0.9941057106966856,0.9969797302753776,0.9955406462434179,0.02797095911348873,61915
fl_alpha2.0,cicids2017,42,DDoS,0.9886480908152735,0.9971376528753578,0.9928747247052727,0.0006183509703894206,3843
fl_alpha2.0,cicids2017,42,DoS,0.9863898098063165,0.9726428079834825,0.9794680758901498,0.0011273631265537377,5812
fl_alpha2.0,cicids2017,42,Reconnaissance,0.9892552797332346,0.985239852398524,0.9872434830837493,0.0004011619864434915,2710
fl_alpha2.0,cicids2017,42,BruteForce,0.9808429118773946,0.8025078369905956,0.8827586206896552,6.695143343018975e-05,319
fl_alpha2.0,cicids2017,42,WebAttack,0.6044776119402985,0.7864077669902912,0.6835443037974683,0.0007076384901931987,103
fl_alpha2.0,cicids2017,42,Malware,0.8585365853658536,0.5906040268456376,0.6998011928429424,0.00038820915102674627,298
fl_alpha2.0,ciciot2023,42,Benign,0.674989420228523,0.7925465838509317,0.7290595360530225,0.02164142303628038,4025
fl_alpha2.0,ciciot2023,42,DDoS,0.8517401392111369,0.9266585584138421,0.8876213085385825,0.22368965407504057,43577
fl_alpha2.0,ciciot2023,42,DoS,0.6802140137874267,0.487644759165007,0.5680529300567108,0.05058346760412089,13557
fl_alpha2.0,ciciot2023,42,Reconnaissance,0.6110299488677867,0.6657381615598886,0.6372119596267377,0.014692289651937588,2513
fl_alpha2.0,ciciot2023,42,BruteForce,0.5763888888888888,0.27666666666666667,0.3738738738738739,0.0008165997322623829,300
fl_alpha2.0,ciciot2023,42,WebAttack,0.5813953488372093,0.08333333333333333,0.1457725947521866,0.00024096385542168674,300
fl_alpha2.0,ciciot2023,42,Malware,0.9872970286093008,0.9868609914982887,0.9870789618995031,0.0017439303641023308,9057
fl_alpha2.0,ciciot2023,42,Spoofing,0.6958011996572407,0.4859365649311789,0.5722339675828048,0.004841195161532272,1671
fl_alpha2.0,toniot_network,42,Benign,0.9054054054054054,0.8378740509155873,0.8703317095801438,0.002693676731305746,2239
fl_alpha2.0,toniot_network,42,DDoS,0.9904665724096142,0.9950489022361105,0.99275244959106,0.00468616588232958,24641
fl_alpha2.0,toniot_network,42,DoS,0.9806841046277666,0.9842487883683361,0.9824632130618827,0.0013704496788008566,4952
fl_alpha2.0,toniot_network,42,Reconnaissance,0.9967273036382183,0.9979998297727466,0.9973631608046613,0.0014950295122708917,23498
fl_alpha2.0,toniot_network,42,BruteForce,0.969735902926481,0.9853495793443574,0.9774803942729693,0.0031127033534973864,6894
fl_alpha2.0,toniot_network,42,WebAttack,0.9805815955615076,0.9700955805810543,0.9753104038818324,0.0031504617055947855,10567
fl_alpha2.0,toniot_network,42,Malware,0.9911678115799804,0.9824902723735408,0.986809965803615,0.0002467578756888657,2056
fl_alpha2.0,toniot_network,42,Spoofing,0.8222222222222222,0.9548387096774194,0.8835820895522388,0.0004275388459123278,155
fl_alpha1.0,edgeiiot,42,Benign,0.9573644780549863,0.9990227892912457,0.9777501082719792,0.1162163463853971,54236
fl_alpha1.0,edgeiiot,42,DDoS,0.946843853820598,0.937157471684326,0.9419757620271759,0.008992833835537306,10948
fl_alpha1.0,edgeiiot,42,Reconnaissance,0.9709351305812974,0.8600746268656716,0.9121487930352197,0.0009541061131929368,2680
fl_alpha1.0,edgeiiot,42,BruteForce,0.6695278969957081,0.08236536430834214,0.1466854724964739,0.0010532795294439506,1894
fl_alpha1.0,edgeiiot,42,WebAttack,0.6347731000546747,0.5943178909649347,0.6138797091870456,0.018792550497946325,3907
fl_alpha1.0,edgeiiot,42,Malware,0.9452495974235104,0.9207843137254902,0.9328565752880413,0.0009223590689599045,1275
fl_alpha1.0,edgeiiot,42,Spoofing,0.9833333333333333,1.0,0.9915966386554622,1.3344008540165465e-05,59
fl_alpha1.0,cicids2017,42,Benign,0.9939843561003144,0.9954292174755713,0.9947062621045836,0.02850592281238059,61915
fl_alpha1.0,cicids2017,42,DDoS,0.9937743190661479,0.9968774395003903,0.995323460639127,0.0003372823474851385,3843
fl_alpha1.0,cicids2017,42,DoS,0.972713231508495,0.975223675154852,0.9739668356388006,0.002298086373359542,5812
fl_alpha1.0,cicids2017,42,Reconnaissance,0.9806835066864784,0.974169741697417,0.9774157719363199,0.0007193249412090193,2710
fl_alpha1.0,cicids2017,42,BruteForce,0.966542750929368,0.8150470219435737,0.8843537414965986,0.00012051258017434153,319
fl_alpha1.0,cicids2017,42,WebAttack,0.5833333333333334,0.8155339805825242,0.680161943319838,0.000801100177577206,103
fl_alpha1.0,cicids2017,42,Malware,0.8413461538461539,0.587248322147651,0.691699604743083,0.00044175524082353885,298
fl_alpha1.0,ciciot2023,42,Benign,0.6725531914893617,0.7853416149068323,0.7245845272206304,0.021683691440648117,4025
fl_alpha1.0,ciciot2023,42,DDoS,0.8621478029874146,0.9086215205268835,0.8847748120174743,0.20147662540177577,43577
fl_alpha1.0,ciciot2023,42,DoS,0.6520032122780405,0.5389835509330972,0.5901308350831853,0.06347346320980421,13557
fl_alpha1.0,ciciot2023,42,Reconnaissance,0.60913140311804,0.6530043772383606,0.630305358171692,0.014526742726281953,2513
fl_alpha1.0,ciciot2023,42,BruteForce,0.5182926829268293,0.2833333333333333,0.36637931034482757,0.0010575635876840697,300
fl_alpha1.0,ciciot2023,42,WebAttack,1.0,0.006666666666666667,0.013245033112582781,0.0,300
fl_alpha1.0,ciciot2023,42,Malware,0.9875069098949696,0.9861985204813956,0.9868522815158546,0.001713601140378812,9057
fl_alpha1.0,ciciot2023,42,Spoofing,0.6664025356576863,0.5032914422501497,0.5734742584384589,0.005741248346493202,1671
fl_alpha1.0,toniot_network,42,Benign,0.8941877794336811,0.80393032603841,0.8466603951081844,0.002927311958000632,2239
fl_alpha1.0,toniot_network,42,DDoS,0.9865866430355272,0.9939937502536423,0.9902763458467261,0.0066122594865074165,24641
fl_alpha1.0,toniot_network,42,DoS,0.9587119715527459,0.9800080775444265,0.969243059716397,0.002983583154889365,4952
fl_alpha1.0,toniot_network,42,Reconnaissance,0.997053674366967,0.9937015916248191,0.9953748108361574,0.0013397017707362535,23498
fl_alpha1.0,toniot_network,42,BruteForce,0.9625478791317917,0.9841891499854947,0.9732482249157284,0.003876196628883538,6894
fl_alpha1.0,toniot_network,42,WebAttack,0.9751779873003656,0.959212643134286,0.9671294308477649,0.004004035074105688,10567
fl_alpha1.0,toniot_network,42,Malware,0.978386167146974,0.9907587548638133,0.9845335911068149,0.0006168946892221644,2056
fl_alpha1.0,toniot_network,42,Spoofing,0.8598726114649682,0.8709677419354839,0.8653846153846154,0.0002939329565647254,155
fl_alpha0.5,edgeiiot,42,Benign,0.9467719120549045,0.9996128033040784,0.9724750894626858,0.1467995954341858,54236
fl_alpha0.5,edgeiiot,42,DDoS,0.9942708333333333,0.8718487394957983,0.9290441892154955,0.0008586907308238747,10948
fl_alpha0.5,edgeiiot,42,Reconnaissance,0.8981517892253245,0.8522388059701492,0.874593145701704,0.003581354830680734,2680
fl_alpha0.5,edgeiiot,42,BruteForce,0.6776315789473685,0.10876451953537487,0.18744313011828936,0.0013405375829286643,1894
fl_alpha0.5,edgeiiot,42,WebAttack,0.5784630688883362,0.5953416943946762,0.5867810292633703,0.023842345130253757,3907
fl_alpha0.5,edgeiiot,42,Malware,0.9619520264681555,0.912156862745098,0.9363929146537843,0.0006239487819434648,1275
fl_alpha0.5,edgeiiot,42,Spoofing,1.0,1.0,1.0,0.0,59
fl_alpha0.5,cicids2017,42,Benign,0.9894545044100811,0.9910845514011144,0.9902688571151922,0.049980894153611004,61915
fl_alpha0.5,cicids2017,42,DDoS,0.9799687825182102,0.9802237835024721,0.9800962664238324,0.001082114198181486,3843
fl_alpha0.5,cicids2017,42,DoS,0.9369539146821998,0.940984170681349,0.9389647180015452,0.005318841417586865,5812
fl_alpha0.5,cicids2017,42,Reconnaissance,0.9671772428884027,0.9785977859778597,0.9728539985326485,0.0012449854751694564,2710
fl_alpha0.5,cicids2017,42,BruteForce,0.984,0.7711598746081505,0.8646748681898067,5.3561146744151794e-05,319
fl_alpha0.5,cicids2017,42,WebAttack,0.36486486486486486,0.5242718446601942,0.4302788844621514,0.001255056944870956,103
fl_alpha0.5,cicids2017,42,Malware,0.8518518518518519,0.46308724832214765,0.6,0.00032127653878075553,298
fl_alpha0.5,ciciot2023,42,Benign,0.658875552747947,0.7773913043478261,0.7132436744928197,0.022824938358576963,4025
fl_alpha0.5,ciciot2023,42,DDoS,0.855873600376801,0.9173876127314868,0.8855636532795782,0.21423797855074309,43577
fl_alpha0.5,ciciot2023,42,DoS,0.6630851880276285,0.5098473113520691,0.5764563612860181,0.057158667382777535,13557
fl_alpha0.5,ciciot2023,42,Reconnaissance,0.6256796319531577,0.5953044170314366,0.6101141924959217,0.012347041538482763,2513
fl_alpha0.5,ciciot2023,42,BruteForce,0.40594059405940597,0.2733333333333333,0.32669322709163345,0.001606425702811245,300
fl_alpha0.5,ciciot2023,42,WebAttack,0.16901408450704225,0.08,0.1085972850678733,0.0015796519410977243,300
fl_alpha0.5,ciciot2023,42,Malware,0.986543128171189,0.9875234625151816,0.9870330519229709,0.0018500826471346465,9057
fl_alpha0.5,ciciot2023,42,Spoofing,0.6195899772209568,0.4883303411131059,0.5461847389558233,0.006832221904021601,1671
fl_alpha0.5,toniot_network,42,Benign,0.8343415542112611,0.8008039303260384,0.817228805834093,0.0048925965119634976,2239
fl_alpha0.5,toniot_network,42,DDoS,0.9877402387214242,0.9907065460005682,0.9892211686522409,0.0060165604336689105,24641
fl_alpha0.5,toniot_network,42,DoS,0.9646706586826347,0.9759693053311793,0.9702870909455933,0.002526766595289079,4952
fl_alpha0.5,toniot_network,42,Reconnaissance,0.9920739202305768,0.9960847731721849,0.9940753010129324,0.003630785958372165,23498
fl_alpha0.5,toniot_network,42,BruteForce,0.9496564296732576,0.9823034522773426,0.9657040998217469,0.005271040112762084,6894
fl_alpha0.5,toniot_network,42,WebAttack,0.9754672897196262,0.9482350714488502,0.9616584289073372,0.003910917979359044,10567
fl_alpha0.5,toniot_network,42,Malware,0.9879154078549849,0.9542801556420234,0.9708065314200891,0.00032901050091848765,2056
fl_alpha0.5,toniot_network,42,Spoofing,0.8767123287671232,0.8258064516129032,0.8504983388704319,0.0002404906008256844,155
fl_ann_iid,edgeiiot,42,Benign,0.9832441744491794,0.9997234309314846,0.9914153280734314,0.04450223956075711,54236
fl_ann_iid,edgeiiot,42,DDoS,0.9631535422218138,0.9574351479722324,0.9602858320736567,0.006260636055643159,10948
fl_ann_iid,edgeiiot,42,Reconnaissance,0.9895707982350581,0.9205223880597015,0.9537985694954572,0.0003595182455509617,2680
fl_ann_iid,edgeiiot,42,BruteForce,0.9367088607594937,0.5860612460401268,0.7210133160116922,0.0010259216195882635,1894
fl_ann_iid,edgeiiot,42,WebAttack,0.7888779527559056,0.820578448937804,0.8044160080291055,0.012068868508411636,3907
fl_ann_iid,edgeiiot,42,Malware,1.0,0.9176470588235294,0.9570552147239264,0.0,1275
fl_ann_iid,edgeiiot,42,Spoofing,1.0,1.0,1.0,0.0,59
fl_ann_iid,cicids2017,42,Benign,0.9974989511730725,0.9984494872001938,0.9979739928484369,0.011845624761176921,61915
fl_ann_iid,cicids2017,42,DDoS,0.9997396511325176,0.9992193598750976,0.9994794377928162,1.4053431145214103e-05,3843
fl_ann_iid,cicids2017,42,DoS,0.9943191599242555,0.993805918788713,0.9940624731090267,0.00047696132277273516,5812
fl_ann_iid,cicids2017,42,Reconnaissance,0.9952170713760118,0.9981549815498155,0.9966838614591009,0.00017983123530225482,2710
fl_ann_iid,cicids2017,42,BruteForce,0.9679715302491103,0.8526645768025078,0.9066666666666666,0.00012051258017434153,319
fl_ann_iid,cicids2017,42,WebAttack,0.6013513513513513,0.8640776699029126,0.7091633466135459,0.0007877485079509193,103
fl_ann_iid,cicids2017,42,Malware,0.8646288209606987,0.6644295302013423,0.7514231499051234,0.0004149821959251426,298
fl_ann_iid,ciciot2023,42,Benign,0.7197466142420271,0.8186335403726708,0.7660118563291874,0.018076787601268053,4025
fl_ann_iid,ciciot2023,42,DDoS,0.8532829690176894,0.9486426325814076,0.8984395375119534,0.22620373611685707,43577
fl_ann_iid,ciciot2023,42,DoS,0.7443997702469844,0.47798185439256474,0.5821579372922469,0.03621242452354215,13557
fl_ann_iid,ciciot2023,42,Reconnaissance,0.6544482626956853,0.6820533227218464,0.6679657053780202,0.012484997309862458,2513
fl_ann_iid,ciciot2023,42,BruteForce,0.6159420289855072,0.2833333333333333,0.3881278538812785,0.0007095046854082999,300
fl_ann_iid,ciciot2023,42,WebAttack,0.4936708860759494,0.13,0.20580474934036938,0.000535475234270415,300
fl_ann_iid,ciciot2023,42,Malware,0.9967877713779353,0.9935961135033675,0.9951893834669616,0.00043977374399102256,9057
fl_ann_iid,ciciot2023,42,Spoofing,0.7425320056899004,0.6247755834829444,0.6785830354241144,0.004936655347816008,1671
fl_ann_iid,toniot_network,42,Benign,0.9590350477924442,0.9410451094238499,0.9499549143372408,0.0012368923766199855,2239
fl_ann_iid,toniot_network,42,DDoS,0.998175700328374,0.9992289273974271,0.9987020361807415,0.000893548579257759,24641
fl_ann_iid,toniot_network,42,DoS,0.9955519611807522,0.994345718901454,0.9949484744392807,0.0003140613847251963,4952
fl_ann_iid,toniot_network,42,Reconnaissance,0.9986389928547125,0.9992339773597753,0.9989363965113806,0.0006213109661385523,23498
fl_ann_iid,toniot_network,42,BruteForce,0.9986952739924616,0.9992747316507108,0.9989849187935035,0.00013214306689375698,6894
fl_ann_iid,toniot_network,42,WebAttack,0.9986753713690983,0.9988643891359894,0.9987698713096139,0.00021727322107550245,10567
fl_ann_iid,toniot_network,42,Malware,0.9965803615046409,0.9922178988326849,0.9943943456007799,9.596139610122556e-05,2056
fl_ann_iid,toniot_network,42,Spoofing,0.9216867469879518,0.9870967741935484,0.9532710280373832,0.00017368765615188319,155
fl_ann_alpha2.0,edgeiiot,42,Benign,0.9833874390177552,0.9997603068072867,0.9915062857142857,0.04411693878533931,54236
fl_ann_alpha2.0,edgeiiot,42,DDoS,0.9600618631732168,0.9639203507489953,0.9619872379216043,0.006853913287848745,10948
fl_ann_alpha2.0,edgeiiot,42,Reconnaissance,0.9911290322580645,0.9171641791044776,0.9527131782945737,0.00030420774623542916,2680
fl_ann_alpha2.0,edgeiiot,42,BruteForce,0.9130087789305666,0.604012671594509,0.727041626946298,0.001491006087134943,1894
fl_ann_alpha2.0,edgeiiot,42,WebAttack,0.8104993597951344,0.8100844637829536,0.8102918586789555,0.010409047431497214,3907
fl_ann_alpha2.0,edgeiiot,42,Malware,0.9991460290350128,0.9176470588235294,0.9566639411283728,1.3564103955292714e-05,1275
fl_ann_alpha2.0,edgeiiot,42,Spoofing,1.0,1.0,1.0,0.0,59
fl_ann_alpha2.0,cicids2017,42,Benign,0.9964865910263022,0.9986271501251716,0.9975557222719682,0.016660298051203667,61915
fl_ann_alpha2.0,cicids2017,42,DDoS,0.9992191566892243,0.9989591465001301,0.999089134677944,4.216029343564231e-05,3843
fl_ann_alpha2.0,cicids2017,42,DoS,0.9963592233009708,0.9888162422573985,0.992573402417962,0.0003035208417644678,5812
fl_ann_alpha2.0,cicids2017,42,Reconnaissance,0.9952135493372607,0.9974169741697417,0.9963140434942868,0.00017983123530225482,2710
fl_ann_alpha2.0,cicids2017,42,BruteForce,0.9535714285714286,0.8369905956112853,0.8914858096828047,0.00017407372691849332,319
fl_ann_alpha2.0,cicids2017,42,WebAttack,0.5909090909090909,0.7572815533980582,0.6638297872340425,0.0007209901598194855,103
fl_ann_alpha2.0,cicids2017,42,Malware,0.8598130841121495,0.6174496644295302,0.71875,0.0004015956734759444,298
fl_ann_alpha2.0,ciciot2023,42,Benign,0.7211845102505695,0.786583850931677,0.752465834818776,0.017245508982035928,4025
fl_ann_alpha2.0,ciciot2023,42,DDoS,0.8627601174518065,0.930490855267687,0.8953463980126967,0.2052636603761576,43577
fl_ann_alpha2.0,ciciot2023,42,DoS,0.7028785488958991,0.5259275650955226,0.6016623771148897,0.04905359438829484,13557
fl_ann_alpha2.0,ciciot2023,42,Reconnaissance,0.614029255319149,0.7349781138081973,0.6690816880999819,0.016016665057182668,2513
fl_ann_alpha2.0,ciciot2023,42,BruteForce,0.543010752688172,0.33666666666666667,0.4156378600823045,0.0011378848728246318,300
fl_ann_alpha2.0,ciciot2023,42,WebAttack,0.3537117903930131,0.27,0.30623818525519847,0.0019812583668005353,300
fl_ann_alpha2.0,ciciot2023,42,Malware,0.9961274618278381,0.9940377608479629,0.9950815142304504,0.000530761415161579,9057
fl_ann_alpha2.0,ciciot2023,42,Spoofing,0.8421052631578947,0.5074805505685218,0.6333084391336818,0.002168309945587694,1671
fl_ann_alpha2.0,toniot_network,42,Benign,0.9530170428374021,0.9240732469852613,0.9383219954648526,0.0014018113601693169,2239
fl_ann_alpha2.0,toniot_network,42,DDoS,0.9973674618281965,0.9993912584716529,0.9983783345495825,0.0012906812811500964,24641
fl_ann_alpha2.0,toniot_network,42,DoS,0.9925116373203805,0.9903069466882067,0.9914080663095117,0.0005281941470378301,4952
fl_ann_alpha2.0,toniot_network,42,Reconnaissance,0.9986814682489048,0.9992339773597753,0.9989576464081346,0.0006018949984467226,23498
fl_ann_alpha2.0,toniot_network,42,BruteForce,0.9985471451402005,0.9969538729329852,0.9977498729767003,0.00014682562988195218,6894
fl_ann_alpha2.0,toniot_network,42,WebAttack,0.9967903332389314,0.9992429260906596,0.9980151228733459,0.0005276635368976488,10567
fl_ann_alpha2.0,toniot_network,42,Malware,0.9956033219345384,0.9912451361867705,0.9934194491835242,0.00012337893784443286,2056
fl_ann_alpha2.0,toniot_network,42,Spoofing,0.9272727272727272,0.9870967741935484,0.95625,0.00016032706721712294,155
fl_ann_alpha1.0,edgeiiot,42,Benign,0.9809149948443351,0.9997787447451877,0.9902570424142811,0.050811539758223764,54236
fl_ann_alpha1.0,edgeiiot,42,DDoS,0.9593644416035065,0.9596273291925466,0.9594958673912051,0.006947588640302259,10948
fl_ann_alpha1.0,edgeiiot,42,Reconnaissance,0.9902834008097166,0.9126865671641791,0.9499029126213592,0.0003318629958931954,2680
fl_ann_alpha1.0,edgeiiot,42,BruteForce,0.9898862199747156,0.4134107708553326,0.5832402234636872,0.0001094316394227481,1894
fl_ann_alpha1.0,edgeiiot,42,WebAttack,0.7409581963363081,0.8075249552085999,0.7728107777097367,0.015515107185055985,3907
fl_ann_alpha1.0,edgeiiot,42,Malware,0.998320738874895,0.9325490196078431,0.9643146796431468,2.7128207910585428e-05,1275
fl_ann_alpha1.0,edgeiiot,42,Spoofing,1.0,1.0,1.0,0.0,59
fl_ann_alpha1.0,cicids2017,42,Benign,0.9971135550037088,0.9987079060001615,0.9979100936826731,0.013679786014520443,61915
fl_ann_alpha1.0,cicids2017,42,DDoS,0.9994791666666667,0.9986989331251627,0.9990888975660549,2.8106862290428207e-05,3843
fl_ann_alpha1.0,cicids2017,42,DoS,0.9968868903493601,0.9917412250516173,0.9943074003795066,0.000260160721512401,5812
fl_ann_alpha1.0,cicids2017,42,Reconnaissance,0.9955784819454679,0.9970479704797048,0.9963126843657817,0.0001659980633559275,2710
fl_ann_alpha1.0,cicids2017,42,BruteForce,0.9744525547445255,0.8369905956112853,0.9005059021922428,9.373200680226564e-05,319
fl_ann_alpha1.0,cicids2017,42,WebAttack,0.5972222222222222,0.8349514563106796,0.6963562753036437,0.0007743968383246325,103
fl_ann_alpha1.0,cicids2017,42,Malware,0.8663793103448276,0.674496644295302,0.7584905660377359,0.0004149821959251426,298
fl_ann_alpha1.0,ciciot2023,42,Benign,0.6314446145992854,0.9219875776397516,0.7495455463542718,0.030517787953504755,4025
fl_ann_alpha1.0,ciciot2023,42,DDoS,0.8784731588885891,0.8967574637997109,0.8875211501118543,0.1720395888362028,43577
fl_ann_alpha1.0,ciciot2023,42,DoS,0.6453341740226987,0.6039684295935679,0.6239664698037721,0.07323861139592794,13557
fl_ann_alpha1.0,ciciot2023,42,Reconnaissance,0.7507471607890018,0.4998010346199761,0.6000955566172957,0.0057527556665333095,2513
fl_ann_alpha1.0,ciciot2023,42,BruteForce,0.5,0.3433333333333333,0.40711462450592883,0.0013788487282463185,300
fl_ann_alpha1.0,ciciot2023,42,WebAttack,0.3163841807909605,0.18666666666666668,0.2348008385744235,0.0016198125836680054,300
fl_ann_alpha1.0,ciciot2023,42,Malware,0.9977809830245201,0.9929336424864745,0.9953514111787493,0.00030329223723518797,9057
fl_ann_alpha1.0,ciciot2023,42,Spoofing,0.8752834467120182,0.46199880311190905,0.6047786917352135,0.0015000886416015491,1671
fl_ann_alpha1.0,toniot_network,42,Benign,0.9440745672436751,0.9499776686020545,0.9470169189670525,0.0017316493272679797,2239
fl_ann_alpha1.0,toniot_network,42,DDoS,0.9984584803861912,0.9988636824804188,0.9986610403310882,0.0007545521335954409,24641
fl_ann_alpha1.0,toniot_network,42,DoS,0.9969487388120423,0.9897011308562197,0.9933117146331577,0.00021413276231263382,4952
fl_ann_alpha1.0,toniot_network,42,Reconnaissance,0.9989361249414869,0.9989786364797004,0.9989573802583144,0.000485399192295744,23498
fl_ann_alpha1.0,toniot_network,42,BruteForce,0.997683509483133,0.9995648389904265,0.9986232881675241,0.00023492100781112352,6894
fl_ann_alpha1.0,toniot_network,42,WebAttack,0.9986748698532891,0.9984858521813192,0.998580352072686,0.00021727322107550245,10567
fl_ann_alpha1.0,toniot_network,42,Malware,0.9951267056530214,0.9931906614785992,0.994157740993184,0.00013708770871603652,2056
fl_ann_alpha1.0,toniot_network,42,Spoofing,0.9371069182389937,0.9612903225806452,0.9490445859872612,0.00013360588934760244,155
fl_ann_alpha0.5,edgeiiot,42,Benign,0.9818382645855213,0.9997603068072867,0.990718240119859,0.048307084718007993,54236
fl_ann_alpha0.5,edgeiiot,42,DDoS,0.9555776712204831,0.964742418706613,0.9601381755374756,0.007665766342445863,10948
fl_ann_alpha0.5,edgeiiot,42,Reconnaissance,0.9962825278810409,0.9,0.9456969221721231,0.00012444862345994828,2680
fl_ann_alpha0.5,edgeiiot,42,BruteForce,0.981226533166458,0.4139387539598733,0.5822502784998144,0.0002051843239176527,1894
fl_ann_alpha0.5,edgeiiot,42,WebAttack,0.7427969079409698,0.8116201689275659,0.7756849315068494,0.015444775783491814,3907
fl_ann_alpha0.5,edgeiiot,42,Malware,0.9982935153583617,0.9176470588235294,0.9562729873314262,2.7128207910585428e-05,1275
fl_ann_alpha0.5,edgeiiot,42,Spoofing,1.0,1.0,1.0,0.0,59
fl_ann_alpha0.5,cicids2017,42,Benign,0.9972390855076207,0.9975773237503028,0.9974081759533633,0.013068398930072602,61915
fl_ann_alpha0.5,cicids2017,42,DDoS,0.9976605146867689,0.9986989331251627,0.9981794538361508,0.00012648088030692693,3843
fl_ann_alpha0.5,cicids2017,42,DoS,0.9858627150400272,0.9958706125258087,0.9908413934777026,0.0011996299936405158,5812
fl_ann_alpha0.5,cicids2017,42,Reconnaissance,0.9955735890815197,0.9959409594095942,0.9957572403615569,0.0001659980633559275,2710
fl_ann_alpha0.5,cicids2017,42,BruteForce,0.981549815498155,0.8338557993730408,0.9016949152542373,6.695143343018975e-05,319
fl_ann_alpha0.5,cicids2017,42,WebAttack,0.5921052631578947,0.8737864077669902,0.7058823529411765,0.0008278035168297796,103
fl_ann_alpha0.5,cicids2017,42,Malware,0.8584905660377359,0.610738255033557,0.7137254901960784,0.0004015956734759444,298
fl_ann_alpha0.5,ciciot2023,42,Benign,0.728909952606635,0.7642236024844721,0.7461491813220134,0.01611835153222966,4025
fl_ann_alpha0.5,ciciot2023,42,DDoS,0.881496170678337,0.8874635702320032,0.8844698052579217,0.16545205741017727,43577
fl_ann_alpha0.5,ciciot2023,42,DoS,0.6302993922113004,0.6196061075459173,0.6249070078857313,0.08018814185505264,13557
fl_ann_alpha0.5,ciciot2023,42,Reconnaissance,0.6563092080333459,0.6892160764027059,0.672360248447205,0.012512588464138398,2513
fl_ann_alpha0.5,ciciot2023,42,BruteForce,0.6131386861313869,0.28,0.38443935926773454,0.0007095046854082999,300
fl_ann_alpha0.5,ciciot2023,42,WebAttack,0.4479166666666667,0.14333333333333334,0.21717171717171718,0.0007095046854082999,300
fl_ann_alpha0.5,ciciot2023,42,Malware,0.9991093297706524,0.9908358175996467,0.9949553744664338,0.00012131689489407519,9057
fl_ann_alpha0.5,ciciot2023,42,Spoofing,0.6270990156340475,0.6481149012567325,0.6374337845791642,0.008782337138103615,1671
fl_ann_alpha0.5,toniot_network,42,Benign,0.9191073919107392,0.8829834747655203,0.9006833712984055,0.0023913252614653053,2239
fl_ann_alpha0.5,toniot_network,42,DDoS,0.9987002964948621,0.9978896960350635,0.9982948317161301,0.0006354123230277397,24641
fl_ann_alpha0.5,toniot_network,42,DoS,0.9669634025717112,0.9870759289176091,0.9769161586889178,0.00238401142041399,4952
fl_ann_alpha0.5,toniot_network,42,Reconnaissance,0.9988086627239076,0.9990211932930462,0.9989149167038999,0.0005436470953712333,23498
fl_ann_alpha0.5,toniot_network,42,BruteForce,0.998404641044235,0.9985494633014216,0.9984770469214591,0.0001615081928701474,6894
fl_ann_alpha0.5,toniot_network,42,WebAttack,0.9970691122246383,0.9980126809879815,0.9975406734771094,0.00048110498952432684,10567
fl_ann_alpha0.5,toniot_network,42,Malware,0.9960745829244357,0.9873540856031129,0.991695163654128,0.00010967016697282921,2056
fl_ann_alpha0.5,toniot_network,42,Spoofing,0.9135802469135802,0.9548387096774194,0.9337539432176656,0.0001870482450866434,155
dt_baseline,edgeiiot,42,Benign,0.999981562062099,0.999981562062099,0.999981562062099,4.8162596927226314e-05,54236
dt_baseline,edgeiiot,42,DDoS,0.9677941705649514,0.9826452320058459,0.9751631617113851,0.005589296029726312,10948
dt_baseline,edgeiiot,42,Reconnaissance,0.9913533834586467,0.983955223880597,0.9876404494382023,0.0003180353710643123,2680
dt_baseline,edgeiiot,42,BruteForce,0.9617253948967193,0.8357972544878564,0.8943502824858757,0.0008617741604541413,1894
dt_baseline,edgeiiot,42,WebAttack,0.920139755428001,0.9436908113642181,0.9317664897649734,0.004501209700106904,3907
dt_baseline,edgeiiot,42,Malware,1.0,1.0,1.0,0.0,1275
dt_baseline,edgeiiot,42,Spoofing,1.0,1.0,1.0,0.0,59
dt_baseline,cicids2017,42,Benign,0.9991113696217666,0.9987563595251554,0.9989338330317912,0.004203286205578907,61915
dt_baseline,cicids2017,42,DDoS,0.9997395154988278,0.9986989331251627,0.9992189533975527,1.4053431145214103e-05,3843
dt_baseline,cicids2017,42,DoS,0.9969050894085282,0.9975911906400551,0.9972480220158239,0.000260160721512401,5812
dt_baseline,cicids2017,42,Reconnaissance,0.9948434622467771,0.9966789667896679,0.9957603686635945,0.0001936644072485821,2710
dt_baseline,cicids2017,42,BruteForce,0.9663299663299664,0.8996865203761756,0.9318181818181818,0.0001339028668603795,319
dt_baseline,cicids2017,42,WebAttack,0.6935483870967742,0.8349514563106796,0.7577092511013216,0.0005073634457988972,103
dt_baseline,cicids2017,42,Malware,0.8955696202531646,0.9496644295302014,0.9218241042345277,0.00044175524082353885,298
dt_baseline,ciciot2023,42,Benign,0.7495711835334476,0.8685714285714285,0.8046955921279779,0.016456498767171538,4025
dt_baseline,ciciot2023,42,DDoS,0.8569470120266706,0.9467379580971613,0.8996075010902748,0.2191706711644337,43577
dt_baseline,ciciot2023,42,DoS,0.7432342502218279,0.4942833960315704,0.5937181588623577,0.0376771967514607,13557
dt_baseline,ciciot2023,42,Reconnaissance,0.6950040290088638,0.6864305610823717,0.6906906906906907,0.010443251893442963,2513
dt_baseline,ciciot2023,42,BruteForce,0.6587301587301587,0.27666666666666667,0.38967136150234744,0.0005756358768406961,300
dt_baseline,ciciot2023,42,WebAttack,0.6282051282051282,0.16333333333333333,0.25925925925925924,0.00038821954484605085,300
dt_baseline,ciciot2023,42,Malware,0.9971216650060888,0.9944794081925582,0.9957987838584853,0.0003942799084057444,9057
dt_baseline,ciciot2023,42,Spoofing,0.9327846364883402,0.8138839018551766,0.8692873122403324,0.0013364426079722892,1671
dt_baseline,toniot_network,42,Benign,0.9905405405405405,0.9821348816435909,0.9863198026463332,0.00028860822121132995,2239
dt_baseline,toniot_network,42,DDoS,0.9997970861572176,0.9997970861572176,0.9997970861572176,9.928317547308434e-05,24641
dt_baseline,toniot_network,42,DoS,0.9995962043206138,0.9997980613893377,0.9996971226653205,2.8551034975017845e-05,4952
dt_baseline,toniot_network,42,Reconnaissance,0.9993192648059904,0.9995744318665418,0.9994468320497,0.00031065548306927616,23498
dt_baseline,toniot_network,42,BruteForce,0.9998549252865225,0.9997098926602843,0.9997824037136432,1.468256298819522e-05,6894
dt_baseline,toniot_network,42,WebAttack,0.9991490166414524,1.0,0.9995743272004919,0.00013967564211996586,10567
dt_baseline,toniot_network,42,Malware,1.0,0.9990272373540856,0.9995133819951338,0.0,2056
dt_baseline,toniot_network,42,Spoofing,0.9565217391304348,0.9935483870967742,0.9746835443037974,9.35241225433217e-05,155
dt_untuned_baseline,edgeiiot,42,Benign,0.999963124124198,0.999963124124198,0.999963124124198,9.632519385445263e-05,54236
dt_untuned_baseline,edgeiiot,42,DDoS,0.9716591763734752,0.9676653270003653,0.9696581392155965,0.00482428065135595,10948
dt_untuned_baseline,edgeiiot,42,Reconnaissance,0.9854260089686099,0.983955223880597,0.984690067214339,0.0005392773683264426,2680
dt_untuned_baseline,edgeiiot,42,BruteForce,0.8281893004115226,0.8500527983104541,0.8389786347055758,0.004568770945899733,1894
dt_untuned_baseline,edgeiiot,42,WebAttack,0.9093469910371319,0.9088814947530074,0.9091141833077317,0.004979463230743262,3907
dt_untuned_baseline,edgeiiot,42,Malware,1.0,1.0,1.0,0.0,1275
dt_untuned_baseline,edgeiiot,42,Spoofing,0.9833333333333333,1.0,0.9915966386554622,1.3344008540165465e-05,59
dt_untuned_baseline,cicids2017,42,Benign,0.9989338330317912,0.9987563595251554,0.9988450883951574,0.005043943446694689,61915
dt_untuned_baseline,cicids2017,42,DDoS,0.9997395833333333,0.9989591465001301,0.9993492125471821,1.4053431145214103e-05,3843
dt_untuned_baseline,cicids2017,42,DoS,0.9967376373626373,0.9987955953200275,0.9977655551735992,0.0002746140949297566,5812
dt_untuned_baseline,cicids2017,42,Reconnaissance,0.9944710652414301,0.9955719557195571,0.9950212059745528,0.00020749757919490938,2710
dt_untuned_baseline,cicids2017,42,BruteForce,0.9050632911392406,0.896551724137931,0.9007874015748032,0.00040170860058113845,319
dt_untuned_baseline,cicids2017,42,WebAttack,0.6759259259259259,0.7087378640776699,0.6919431279620853,0.00046730843692003687,103
dt_untuned_baseline,cicids2017,42,Malware,0.8847457627118644,0.8758389261744967,0.8802698145025295,0.000455141763272737,298
dt_untuned_baseline,ciciot2023,42,Benign,0.7548774387193596,0.7498136645962733,0.7523370310357722,0.013807678760126806,4025
dt_untuned_baseline,ciciot2023,42,DDoS,0.8731977224722197,0.8727769236064896,0.8729872723308046,0.17576297616395634,43577
dt_untuned_baseline,ciciot2023,42,DoS,0.5929933024214322,0.5943055248211256,0.5936486884762747,0.090002115782107,13557
dt_untuned_baseline,ciciot2023,42,Reconnaissance,0.6374152373354607,0.6358933545563072,0.6366533864541832,0.012540179618414336,2513
dt_untuned_baseline,ciciot2023,42,BruteForce,0.3447098976109215,0.33666666666666667,0.3406408094435076,0.002570281124497992,300
dt_untuned_baseline,ciciot2023,42,WebAttack,0.28338762214983715,0.29,0.28665568369028005,0.0029451137884872825,300
dt_untuned_baseline,ciciot2023,42,Malware,0.9965738284703802,0.9955835265540466,0.996078431372549,0.00047010296771454133,9057
dt_untuned_baseline,ciciot2023,42,Spoofing,0.8151408450704225,0.8312387791741472,0.8231111111111111,0.004295708382768073,1671
dt_untuned_baseline,toniot_network,42,Benign,0.9861048857014791,0.9825815096025011,0.9843400447427293,0.0004260407075024394,2239
dt_untuned_baseline,toniot_network,42,DDoS,0.9996754037166274,0.9998782516943305,0.9997768174163573,0.00015885308075693492,24641
dt_untuned_baseline,toniot_network,42,DoS,0.9991925716592652,0.9995961227786753,0.9993943064809206,5.710206995003569e-05,4952
dt_untuned_baseline,toniot_network,42,Reconnaissance,0.9993617021276596,0.9994467614265043,0.9994042299672327,0.0002912395153774464,23498
dt_untuned_baseline,toniot_network,42,BruteForce,0.9998549252865225,0.9997098926602843,0.9997824037136432,1.468256298819522e-05,6894
dt_untuned_baseline,toniot_network,42,WebAttack,0.9995267840242287,0.9994321945679947,0.9994794870581555,7.759757895553658e-05,10567
dt_untuned_baseline,toniot_network,42,Malware,0.9995133819951338,0.9990272373540856,0.9992702505473121,1.3708770871603651e-05,2056
dt_untuned_baseline,toniot_network,42,Spoofing,0.9681528662420382,0.9806451612903225,0.9743589743589743,6.680294467380122e-05,155
xgb_baseline,edgeiiot,42,Benign,0.9999078120102513,0.9999262482483959,0.9999170300443428,0.00024081298463613158,54236
xgb_baseline,edgeiiot,42,DDoS,0.9675353954369195,0.9799963463646328,0.9737260062621954,0.005620521147210816,10948
xgb_baseline,edgeiiot,42,Reconnaissance,0.9905553456743483,0.9783582089552239,0.984418997559602,0.00034569062072207856,2680
xgb_baseline,edgeiiot,42,BruteForce,0.9471153846153846,0.8321013727560718,0.8858909499718943,0.001203748033650229,1894
xgb_baseline,edgeiiot,42,WebAttack,0.913356504468719,0.941643204504735,0.927284183994959,0.004909131829179092,3907
xgb_baseline,edgeiiot,42,Malware,1.0,1.0,1.0,0.0,1275
xgb_baseline,edgeiiot,42,Spoofing,1.0,1.0,1.0,0.0,59
xgb_baseline,cicids2017,42,Benign,0.9995636504678637,0.9989501736251313,0.9992568178880703,0.0020634314100114637,61915
xgb_baseline,cicids2017,42,DDoS,1.0,0.9992193598750976,0.9996095275283092,0.0,3843
xgb_baseline,cicids2017,42,DoS,0.9981089908887743,0.9989676531314522,0.998538137415083,0.0001589871075909117,5812
xgb_baseline,cicids2017,42,Reconnaissance,0.9955882352941177,0.9992619926199262,0.9974217311233886,0.0001659980633559275,2710
xgb_baseline,cicids2017,42,BruteForce,0.9527027027027027,0.8840125391849529,0.9170731707317074,0.00018746401360453127,319
xgb_baseline,cicids2017,42,WebAttack,0.671875,0.8349514563106796,0.7445887445887446,0.0005607701243040442,103
xgb_baseline,cicids2017,42,Malware,0.9006211180124224,0.9731543624161074,0.9354838709677419,0.0004283687183743407,298
xgb_baseline,ciciot2023,42,Benign,0.7835555555555556,0.8760248447204969,0.8272140762463344,0.013723141951391335,4025
xgb_baseline,ciciot2023,42,DDoS,0.8674635408994297,0.9459347821098286,0.9050013172916483,0.20042643923240938,43577
xgb_baseline,ciciot2023,42,DoS,0.7560899761583912,0.5380246367190381,0.6286847095328392,0.038295656136581875,13557
xgb_baseline,ciciot2023,42,Reconnaissance,0.7169517884914464,0.7337843215280542,0.7252704031465094,0.010043180156441844,2513
xgb_baseline,ciciot2023,42,BruteForce,0.6959459459459459,0.3433333333333333,0.45982142857142855,0.0006024096385542169,300
xgb_baseline,ciciot2023,42,WebAttack,0.7319587628865979,0.23666666666666666,0.35768261964735515,0.00034805890227576977,300
xgb_baseline,ciciot2023,42,Malware,0.9994458605785216,0.9956939383901954,0.9975663716814159,7.582305930879699e-05,9057
xgb_baseline,ciciot2023,42,Spoofing,0.9370816599732262,0.8378216636744464,0.8846761453396524,0.0012818939300958693,1671
xgb_baseline,toniot_network,42,Benign,0.994165170556553,0.9892809289861545,0.9917170360420864,0.00017866223217844233,2239
xgb_baseline,toniot_network,42,DDoS,0.9995942546457843,0.9997970861572176,0.9996956601132144,0.00019856635094616867,24641
xgb_baseline,toniot_network,42,DoS,0.9997979797979798,0.999394184168013,0.9995960412037972,1.4275517487508922e-05,4952
xgb_baseline,toniot_network,42,Reconnaissance,0.9996170375728692,0.999744659119925,0.9996808442732824,0.00017474370922646785,23498
xgb_baseline,toniot_network,42,BruteForce,0.9995649021029732,0.9997098926602843,0.9996373921241569,4.404768896458566e-05,6894
xgb_baseline,toniot_network,42,WebAttack,0.9994322482967449,0.9995268288066622,0.9994795363141709,9.31170947466439e-05,10567
xgb_baseline,toniot_network,42,Malware,0.9995136186770428,0.9995136186770428,0.9995136186770428,1.3708770871603651e-05,2056
xgb_baseline,toniot_network,42,Spoofing,0.9746835443037974,0.9935483870967742,0.9840255591054313,5.3442355739040975e-05,155
xgb_untuned_baseline,edgeiiot,42,Benign,0.9999078035108423,0.9998340585588907,0.9998709296751116,0.00024081298463613158,54236
xgb_untuned_baseline,edgeiiot,42,DDoS,0.9690721649484536,0.978808914870296,0.9739162046714532,0.005339495089850275,10948
xgb_untuned_baseline,edgeiiot,42,Reconnaissance,0.9887175629936066,0.9809701492537314,0.9848286195916839,0.0004148287448664943,2680
xgb_untuned_baseline,edgeiiot,42,BruteForce,0.947463768115942,0.8284054910242872,0.8839436619718309,0.0011900690787223856,1894
xgb_untuned_baseline,edgeiiot,42,WebAttack,0.9080827994085756,0.9431789096493474,0.9252981795354677,0.005246722556687109,3907
xgb_untuned_baseline,edgeiiot,42,Malware,0.9984338292873923,1.0,0.9992163009404389,2.7128207910585428e-05,1275
xgb_untuned_baseline,edgeiiot,42,Spoofing,1.0,1.0,1.0,0.0,59
xgb_untuned_baseline,cicids2017,42,Benign,0.999159623123293,0.9985463942501817,0.9988529145663694,0.003974016048910967,61915
xgb_untuned_baseline,cicids2017,42,DDoS,0.9986989331251627,0.9986989331251627,0.9986989331251627,7.026715572607052e-05,3843
xgb_untuned_baseline,cicids2017,42,DoS,0.9963905122035064,0.9974191328286304,0.9969045571797076,0.0003035208417644678,5812
xgb_untuned_baseline,cicids2017,42,Reconnaissance,0.9926605504587156,0.9981549815498155,0.9954001839926403,0.00027666343892654584,2710
xgb_untuned_baseline,cicids2017,42,BruteForce,0.9470198675496688,0.896551724137931,0.9210950080515298,0.00021424458697660718,319
xgb_untuned_baseline,cicids2017,42,WebAttack,0.6693548387096774,0.8058252427184466,0.7312775330396476,0.0005474184546777575,103
xgb_untuned_baseline,cicids2017,42,Malware,0.8842443729903537,0.9228187919463087,0.90311986863711,0.0004819148081711333,298
xgb_untuned_baseline,ciciot2023,42,Benign,0.7869623655913979,0.8727950310559006,0.82765932383084,0.013399084184572032,4025
xgb_untuned_baseline,ciciot2023,42,DDoS,0.8676383857106749,0.94526929343461,0.9047917147156052,0.1999809057060115,43577
xgb_untuned_baseline,ciciot2023,42,DoS,0.7542845343795168,0.5389097883012466,0.6286623929785312,0.03873508780495744,13557
xgb_untuned_baseline,ciciot2023,42,Reconnaissance,0.718555900621118,0.7365698368483884,0.7274513656907055,0.010001793425027937,2513
xgb_untuned_baseline,ciciot2023,42,BruteForce,0.6181818181818182,0.34,0.43870967741935485,0.0008433734939759036,300
xgb_untuned_baseline,ciciot2023,42,WebAttack,0.6126126126126126,0.22666666666666666,0.3309002433090024,0.0005756358768406961,300
xgb_untuned_baseline,ciciot2023,42,Malware,0.9992245485764928,0.9959147620624931,0.9975669099756691,0.00010615228303231579,9057
xgb_untuned_baseline,ciciot2023,42,Spoofing,0.9331103678929766,0.8348294434470377,0.881238155401137,0.0013637169469104993,1671
xgb_untuned_baseline,toniot_network,42,Benign,0.9950450450450451,0.9866011612326931,0.9908051132540928,0.00015117573492022044,2239
xgb_untuned_baseline,toniot_network,42,DDoS,0.9994726380268549,0.9998782516943305,0.9996754037166274,0.00025813625623001925,24641
xgb_untuned_baseline,toniot_network,42,DoS,0.9997979797979798,0.999394184168013,0.9995960412037972,1.4275517487508922e-05,4952
xgb_untuned_baseline,toniot_network,42,Reconnaissance,0.9995320144650074,0.9998297727466168,0.9996808714337383,0.00021357564461012738,23498
xgb_untuned_baseline,toniot_network,42,BruteForce,0.9995649021029732,0.9997098926602843,0.9996373921241569,4.404768896458566e-05,6894
xgb_untuned_baseline,toniot_network,42,WebAttack,0.9994321945679947,0.9994321945679947,0.9994321945679947,9.31170947466439e-05,10567
xgb_untuned_baseline,toniot_network,42,Malware,0.9995136186770428,0.9995136186770428,0.9995136186770428,1.3708770871603651e-05,2056
xgb_untuned_baseline,toniot_network,42,Spoofing,0.9683544303797469,0.9870967741935484,0.9776357827476039,6.680294467380122e-05,155
fedens_xgb_iid,edgeiiot,42,Benign,0.9997787814545119,0.999944686186297,0.9998617269383578,0.0005779511631267157,54236
fedens_xgb_iid,edgeiiot,42,DDoS,0.9664078020588767,0.9775301424917793,0.9719371537553356,0.005807871852117843,10948
fedens_xgb_iid,edgeiiot,42,Reconnaissance,0.9957676029242016,0.9656716417910448,0.980488728925933,0.00015210387311771458,2680
fedens_xgb_iid,edgeiiot,42,BruteForce,0.9271961492178099,0.8136219640971489,0.8667041619797525,0.001655153546269065,1894
fedens_xgb_iid,edgeiiot,42,WebAttack,0.9013463892288862,0.9424110570770412,0.9214214214214215,0.0056687109660721316,3907
fedens_xgb_iid,edgeiiot,42,Malware,1.0,1.0,1.0,0.0,1275
fedens_xgb_iid,edgeiiot,42,Spoofing,1.0,1.0,1.0,0.0,59
fedens_xgb_iid,cicids2017,42,Benign,0.9987889552720813,0.9990309295001212,0.998909927732246,0.00573175391669851,61915
fedens_xgb_iid,cicids2017,42,DDoS,0.9992185464964835,0.9981785063752276,0.9986982556625879,4.216029343564231e-05,3843
fedens_xgb_iid,cicids2017,42,DoS,0.9986218776916451,0.9974191328286304,0.9980201428940346,0.00011562698733884489,5812
fedens_xgb_iid,cicids2017,42,Reconnaissance,0.9959469417833456,0.9974169741697417,0.9966814159292036,0.00015216489140960023,2710
fedens_xgb_iid,cicids2017,42,BruteForce,0.985663082437276,0.8620689655172413,0.919732441471572,5.3561146744151794e-05,319
fedens_xgb_iid,cicids2017,42,WebAttack,0.6639344262295082,0.7864077669902912,0.72,0.0005474184546777575,103
fedens_xgb_iid,cicids2017,42,Malware,0.8938906752411575,0.9328859060402684,0.9129720853858785,0.00044175524082353885,298
fedens_xgb_iid,ciciot2023,42,Benign,0.7641693811074919,0.8742857142857143,0.8155272305909618,0.015301162381120113,4025
fedens_xgb_iid,ciciot2023,42,DDoS,0.8571163098015734,0.9525896688620143,0.9023345796017738,0.2202208573338001,43577
fedens_xgb_iid,ciciot2023,42,DoS,0.7631729340496056,0.4925130928671535,0.5986730027795212,0.0337223117360806,13557
fedens_xgb_iid,ciciot2023,42,Reconnaissance,0.695752009184845,0.7234381217668125,0.7093250097541943,0.010967483824685806,2513
fedens_xgb_iid,ciciot2023,42,BruteForce,0.7755102040816326,0.25333333333333335,0.38190954773869346,0.0002945113788487282,300
fedens_xgb_iid,ciciot2023,42,WebAttack,0.8888888888888888,0.10666666666666667,0.19047619047619047,5.35475234270415e-05,300
fedens_xgb_iid,ciciot2023,42,Malware,0.9995557036543374,0.9935961135033675,0.9965669988925803,6.065844744703759e-05,9057
fedens_xgb_iid,ciciot2023,42,Spoofing,0.9392491467576792,0.8234590065828845,0.8775510204081632,0.0012137080827503443,1671
fedens_xgb_iid,toniot_network,42,Benign,0.9841700587969244,0.9718624385886556,0.9779775280898877,0.0004810137020188832,2239
fedens_xgb_iid,toniot_network,42,DDoS,0.9991076860677347,0.9996753378515483,0.9993914313534566,0.00043684597208157105,24641
fedens_xgb_iid,toniot_network,42,DoS,0.998990103009493,0.9987883683360258,0.9988892254872261,7.137758743754462e-05,4952
fedens_xgb_iid,toniot_network,42,Reconnaissance,0.9991065350578625,0.9993616477998127,0.9992340751457385,0.000407735321528425,23498
fedens_xgb_iid,toniot_network,42,BruteForce,0.9995649021029732,0.9997098926602843,0.9996373921241569,4.404768896458566e-05,6894
fedens_xgb_iid,toniot_network,42,WebAttack,0.9987708018154312,0.9996214630453298,0.9991959513787069,0.00020175370528439514,10567
fedens_xgb_iid,toniot_network,42,Malware,0.9990248659190639,0.9965953307392996,0.997808619430241,2.7417541743207303e-05,2056
fedens_xgb_iid,toniot_network,42,Spoofing,0.949685534591195,0.9741935483870968,0.9617834394904459,0.00010688471147808195,155
fedens_xgb_alpha2.0,edgeiiot,42,Benign,0.9998156478135831,0.999963124124198,0.9998893805309734,0.00048162596927226316,54236
fedens_xgb_alpha2.0,edgeiiot,42,DDoS,0.9660343270099367,0.9767994154183413,0.9713870469615768,0.005870322087086852,10948
fedens_xgb_alpha2.0,edgeiiot,42,Reconnaissance,0.997289972899729,0.9611940298507463,0.9789093672810184,9.6793373802182e-05,2680
fedens_xgb_alpha2.0,edgeiiot,42,BruteForce,0.9281867145421903,0.8189017951425555,0.8701262272089761,0.0016414745913412216,1894
fedens_xgb_alpha2.0,edgeiiot,42,WebAttack,0.8994631527574427,0.9434348605067827,0.9209244222361025,0.005795307488887638,3907
fedens_xgb_alpha2.0,edgeiiot,42,Malware,1.0,0.9992156862745099,0.9996076892899176,0.0,1275
fedens_xgb_alpha2.0,edgeiiot,42,Spoofing,1.0,1.0,1.0,0.0,59
fedens_xgb_alpha2.0,cicids2017,42,Benign,0.9984021691763908,0.9991116853751111,0.9987568012658024,0.007565915170042033,61915
fedens_xgb_alpha2.0,cicids2017,42,DDoS,0.9992185464964835,0.9981785063752276,0.9986982556625879,4.216029343564231e-05,3843
fedens_xgb_alpha2.0,cicids2017,42,DoS,0.9986199758495774,0.9960426703372333,0.9973296580239469,0.00011562698733884489,5812
fedens_xgb_alpha2.0,cicids2017,42,Reconnaissance,0.9959454478437154,0.9970479704797048,0.996496404204315,0.00015216489140960023,2710
fedens_xgb_alpha2.0,cicids2017,42,BruteForce,0.9855595667870036,0.8557993730407524,0.9161073825503355,5.3561146744151794e-05,319
fedens_xgb_alpha2.0,cicids2017,42,WebAttack,0.6695652173913044,0.7475728155339806,0.7064220183486238,0.0005073634457988972,103
fedens_xgb_alpha2.0,cicids2017,42,Malware,0.9,0.9060402684563759,0.903010033444816,0.0004015956734759444,298
fedens_xgb_alpha2.0,ciciot2023,42,Benign,0.765744170843321,0.8730434782608696,0.8158811237520316,0.01514617823177175,4025
fedens_xgb_alpha2.0,ciciot2023,42,DDoS,0.8568452749247205,0.9533698969639948,0.9025341342341657,0.22088915762339686,43577
fedens_xgb_alpha2.0,ciciot2023,42,DoS,0.766268107610945,0.491627941284945,0.5989665243765446,0.03308757710398255,13557
fedens_xgb_alpha2.0,ciciot2023,42,Reconnaissance,0.7013086989992302,0.7250298448070036,0.7129720211308942,0.010705367859064384,2513
fedens_xgb_alpha2.0,ciciot2023,42,BruteForce,0.7130434782608696,0.2733333333333333,0.39518072289156625,0.0004417670682730924,300
fedens_xgb_alpha2.0,ciciot2023,42,WebAttack,0.8636363636363636,0.12666666666666668,0.22093023255813954,8.032128514056225e-05,300
fedens_xgb_alpha2.0,ciciot2023,42,Malware,0.9995555061673519,0.9931544661587722,0.9963447053610988,6.065844744703759e-05,9057
fedens_xgb_alpha2.0,ciciot2023,42,Spoofing,0.9401767505098573,0.8276481149012568,0.8803309993634627,0.0012000709132812394,1671
fedens_xgb_alpha2.0,toniot_network,42,Benign,0.9859665006790402,0.9727556945064761,0.97931654676259,0.0004260407075024394,2239
fedens_xgb_alpha2.0,toniot_network,42,DDoS,0.9992293964957819,0.9998376689257741,0.999533440168773,0.00037727606679772047,24641
fedens_xgb_alpha2.0,toniot_network,42,DoS,0.998990103009493,0.9987883683360258,0.9988892254872261,7.137758743754462e-05,4952
fedens_xgb_alpha2.0,toniot_network,42,Reconnaissance,0.999319177907323,0.9994467614265043,0.9993829655950126,0.00031065548306927616,23498
fedens_xgb_alpha2.0,toniot_network,42,BruteForce,0.999275047121937,0.9997098926602843,0.9994924225944457,7.341281494097609e-05,6894
fedens_xgb_alpha2.0,toniot_network,42,WebAttack,0.9987710342219701,0.9998107315226649,0.9992906124379286,0.00020175370528439514,10567
fedens_xgb_alpha2.0,toniot_network,42,Malware,0.9990243902439024,0.9961089494163424,0.997564539698003,2.7417541743207303e-05,2056
fedens_xgb_alpha2.0,toniot_network,42,Spoofing,0.95,0.9806451612903225,0.9650793650793651,0.00010688471147808195,155
fedens_xgb_alpha1.0,edgeiiot,42,Benign,0.999834076914568,0.999944686186297,0.9998893784914914,0.00043346337234503684,54236
fedens_xgb_alpha1.0,edgeiiot,42,DDoS,0.9723670967151615,0.9706795761782974,0.9715226036476665,0.004714992740160185,10948
fedens_xgb_alpha1.0,edgeiiot,42,Reconnaissance,0.996912389038981,0.9638059701492537,0.9800796812749004,0.00011062099863106514,2680
fedens_xgb_alpha1.0,edgeiiot,42,BruteForce,0.9361571516267649,0.8051742344244984,0.8657394266250354,0.0014226113124957253,1894
fedens_xgb_alpha1.0,edgeiiot,42,WebAttack,0.8760233918128655,0.9585359610954697,0.9154241016866291,0.007455128565802059,3907
fedens_xgb_alpha1.0,edgeiiot,42,Malware,1.0,1.0,1.0,0.0,1275
fedens_xgb_alpha1.0,edgeiiot,42,Spoofing,1.0,0.9830508474576272,0.9914529914529915,0.0,59
fedens_xgb_alpha1.0,cicids2017,42,Benign,0.9983860034216727,0.9990793830251151,0.9987325728770595,0.007642338555598013,61915
fedens_xgb_alpha1.0,cicids2017,42,DDoS,0.9992185464964835,0.9981785063752276,0.9986982556625879,4.216029343564231e-05,3843
fedens_xgb_alpha1.0,cicids2017,42,DoS,0.9984474728307745,0.9958706125258087,0.9971573778964596,0.0001300803607562005,5812
fedens_xgb_alpha1.0,cicids2017,42,Reconnaissance,0.9959409594095942,0.9959409594095942,0.9959409594095942,0.00015216489140960023,2710
fedens_xgb_alpha1.0,cicids2017,42,BruteForce,0.9716312056737588,0.8589341692789969,0.9118136439267887,0.00010712229348830359,319
fedens_xgb_alpha1.0,cicids2017,42,WebAttack,0.6542056074766355,0.6796116504854369,0.6666666666666666,0.0004940117761726104,103
fedens_xgb_alpha1.0,cicids2017,42,Malware,0.8925081433224755,0.9194630872483222,0.9057851239669421,0.00044175524082353885,298
fedens_xgb_alpha1.0,ciciot2023,42,Benign,0.7441285537700866,0.8973913043478261,0.8136051357134813,0.01749911940824234,4025
fedens_xgb_alpha1.0,ciciot2023,42,DDoS,0.846451456897594,0.963948872111435,0.9013872944003949,0.24249753365369314,43577
fedens_xgb_alpha1.0,ciciot2023,42,DoS,0.792350449973531,0.44161687689016743,0.5671387296926065,0.02553586250671354,13557
fedens_xgb_alpha1.0,ciciot2023,42,Reconnaissance,0.7252423093131057,0.6848388380421807,0.7044617273843635,0.008994716293956158,2513
fedens_xgb_alpha1.0,ciciot2023,42,BruteForce,0.7413793103448276,0.2866666666666667,0.41346153846153844,0.00040160642570281126,300
fedens_xgb_alpha1.0,ciciot2023,42,WebAttack,0.7894736842105263,0.1,0.17751479289940827,0.000107095046854083,300
fedens_xgb_alpha1.0,ciciot2023,42,Malware,0.9995555061673519,0.9931544661587722,0.9963447053610988,6.065844744703759e-05,9057
fedens_xgb_alpha1.0,ciciot2023,42,Spoofing,0.9499304589707928,0.817474566128067,0.8787391444194275,0.0009818762017755594,1671
fedens_xgb_alpha1.0,toniot_network,42,Benign,0.9841915085817525,0.9732023224653863,0.9786660678194475,0.0004810137020188832,2239
fedens_xgb_alpha1.0,toniot_network,42,DDoS,0.9992293339823153,0.9997565033886612,0.9994928491733441,0.00037727606679772047,24641
fedens_xgb_alpha1.0,toniot_network,42,DoS,0.9985870004037142,0.9989903069466882,0.9987886129618413,9.992862241256246e-05,4952
fedens_xgb_alpha1.0,toniot_network,42,Reconnaissance,0.9991490810074881,0.9994042046131586,0.9992766265265308,0.0003883193538365952,23498
fedens_xgb_alpha1.0,toniot_network,42,BruteForce,0.9997098926602843,0.9997098926602843,0.9997098926602843,2.936512597639044e-05,6894
fedens_xgb_alpha1.0,toniot_network,42,WebAttack,0.9988654627966342,0.9998107315226649,0.9993378736284525,0.0001862341894932878,10567
fedens_xgb_alpha1.0,toniot_network,42,Malware,0.9990229604298974,0.9946498054474708,0.9968315866439191,2.7417541743207303e-05,2056
fedens_xgb_alpha1.0,toniot_network,42,Spoofing,0.9556962025316456,0.9741935483870968,0.9648562300319489,9.35241225433217e-05,155
fedens_xgb_alpha0.5,edgeiiot,42,Benign,0.9997419164546695,0.9999262482483959,0.9998340738555705,0.0006742763569811684,54236
fedens_xgb_alpha0.5,edgeiiot,42,DDoS,0.9892954456987154,0.9285714285714286,0.9579721070486242,0.0017173814616477494,10948
fedens_xgb_alpha0.5,edgeiiot,42,Reconnaissance,0.9915676504407819,0.9652985074626865,0.9782567593117791,0.00030420774623542916,2680
fedens_xgb_alpha0.5,edgeiiot,42,BruteForce,0.8840497737556561,0.8252375923970433,0.8536318951392682,0.0028041857602079203,1894
fedens_xgb_alpha0.5,edgeiiot,42,WebAttack,0.8099433606041535,0.9882262605579729,0.8902467143186534,0.012744049963427671,3907
fedens_xgb_alpha0.5,edgeiiot,42,Malware,1.0,1.0,1.0,0.0,1275
fedens_xgb_alpha0.5,edgeiiot,42,Spoofing,1.0,0.9830508474576272,0.9914529914529915,0.0,59
fedens_xgb_alpha0.5,cicids2017,42,Benign,0.9980317818827136,0.999160138900105,0.9985956416464891,0.009323653037829576,61915
fedens_xgb_alpha0.5,cicids2017,42,DDoS,0.99921875,0.9984387197501952,0.9988285825849278,4.216029343564231e-05,3843
fedens_xgb_alpha0.5,cicids2017,42,DoS,0.9986199758495774,0.9960426703372333,0.9973296580239469,0.00011562698733884489,5812
fedens_xgb_alpha0.5,cicids2017,42,Reconnaissance,0.9959259259259259,0.9922509225092251,0.9940850277264325,0.00015216489140960023,2710
fedens_xgb_alpha0.5,cicids2017,42,BruteForce,0.9578947368421052,0.8557993730407524,0.9039735099337748,0.00016068344023245537,319
fedens_xgb_alpha0.5,cicids2017,42,WebAttack,0.6746987951807228,0.5436893203883495,0.6021505376344086,0.00036049507990974273,103
fedens_xgb_alpha0.5,cicids2017,42,Malware,0.9,0.9362416107382551,0.9177631578947368,0.0004149821959251426,298
fedens_xgb_alpha0.5,ciciot2023,42,Benign,0.767099186276666,0.866583850931677,0.8138124125058329,0.014920746741810497,4025
fedens_xgb_alpha0.5,ciciot2023,42,DDoS,0.8957737381194057,0.8910663882323244,0.8934138625251654,0.1437800337332527,43577
fedens_xgb_alpha0.5,ciciot2023,42,DoS,0.6563154473893262,0.6703547982592019,0.6632608378338929,0.077453900362938,13557
fedens_xgb_alpha0.5,ciciot2023,42,Reconnaissance,0.6843267108167771,0.7401512136888182,0.7111450965398586,0.011836605184377888,2513
fedens_xgb_alpha0.5,ciciot2023,42,BruteForce,0.8441558441558441,0.21666666666666667,0.3448275862068966,0.0001606425702811245,300
fedens_xgb_alpha0.5,ciciot2023,42,WebAttack,0.896551724137931,0.08666666666666667,0.1580547112462006,4.0160642570281125e-05,300
fedens_xgb_alpha0.5,ciciot2023,42,Malware,0.9997774315602047,0.991939935961135,0.9958432633154132,3.0329223723518797e-05,9057
fedens_xgb_alpha0.5,ciciot2023,42,Spoofing,0.9468232044198895,0.8204667863554758,0.879127925617185,0.0010500620491210844,1671
fedens_xgb_alpha0.5,toniot_network,42,Benign,0.9735899731423455,0.9714158106297455,0.9725016767270288,0.000810851669117546,2239
fedens_xgb_alpha0.5,toniot_network,42,DDoS,0.9993507810914993,0.9995130067773224,0.9994318873513777,0.00031770616151386983,24641
fedens_xgb_alpha0.5,toniot_network,42,DoS,0.9983851433185305,0.9987883683360258,0.9985867151221481,0.00011420413990007138,4952
fedens_xgb_alpha0.5,toniot_network,42,Reconnaissance,0.9988940876222884,0.9994042046131586,0.9991490810074881,0.0005048151599875738,23498
fedens_xgb_alpha0.5,toniot_network,42,BruteForce,0.9995649021029732,0.9997098926602843,0.9996373921241569,4.404768896458566e-05,6894
fedens_xgb_alpha0.5,toniot_network,42,WebAttack,0.9987709180296871,0.9997160972839974,0.9992432841468029,0.00020175370528439514,10567
fedens_xgb_alpha0.5,toniot_network,42,Malware,0.9990176817288802,0.9892996108949417,0.9941348973607038,2.7417541743207303e-05,2056
fedens_xgb_alpha0.5,toniot_network,42,Spoofing,0.9735099337748344,0.9483870967741935,0.9607843137254902,5.3442355739040975e-05,155
fedens_dt_iid,edgeiiot,42,Benign,0.9999631227643175,0.9999262482483959,0.9999446851664054,9.632519385445263e-05,54236
fedens_dt_iid,edgeiiot,42,DDoS,0.9750596002200623,0.9713189623675558,0.9731856868307861,0.004246615977892617,10948
fedens_dt_iid,edgeiiot,42,Reconnaissance,0.991606257153758,0.969776119402985,0.9805697038294662,0.00030420774623542916,2680
fedens_dt_iid,edgeiiot,42,BruteForce,0.9374262101534829,0.8384371700105596,0.8851727982162765,0.0014499692223514124,1894
fedens_dt_iid,edgeiiot,42,WebAttack,0.8909738717339667,0.9600716662400819,0.9242330910434889,0.00645642266359084,3907
fedens_dt_iid,edgeiiot,42,Malware,1.0,1.0,1.0,0.0,1275
fedens_dt_iid,edgeiiot,42,Spoofing,1.0,1.0,1.0,0.0,59
fedens_dt_iid,cicids2017,42,Benign,0.9985144997739456,0.9987886618751514,0.9986515620079615,0.0070309514711501715,61915
fedens_dt_iid,cicids2017,42,DDoS,0.9992183428869202,0.9979182930002602,0.9985678948053639,4.216029343564231e-05,3843
fedens_dt_iid,cicids2017,42,DoS,0.9970699758703895,0.9953544390915348,0.9962114689168245,0.00024570734809504537,5812
fedens_dt_iid,cicids2017,42,Reconnaissance,0.9955768521931441,0.9966789667896679,0.9961276046468744,0.0001659980633559275,2710
fedens_dt_iid,cicids2017,42,BruteForce,0.9644128113879004,0.8495297805642633,0.9033333333333333,0.0001339028668603795,319
fedens_dt_iid,cicids2017,42,WebAttack,0.6451612903225806,0.7766990291262136,0.7048458149779736,0.0005874734635566177,103
fedens_dt_iid,cicids2017,42,Malware,0.8935483870967742,0.9295302013422819,0.9111842105263158,0.00044175524082353885,298
fedens_dt_iid,ciciot2023,42,Benign,0.7574118156243237,0.8695652173913043,0.8096229470275271,0.015794293765410354,4025
fedens_dt_iid,ciciot2023,42,DDoS,0.8562452202310824,0.9506390986070633,0.9009765327649579,0.22133469114979473,43577
fedens_dt_iid,ciciot2023,42,DoS,0.7553457688808007,0.4898576381205281,0.594299521231375,0.035008056247253554,13557
fedens_dt_iid,ciciot2023,42,Reconnaissance,0.6858998853649216,0.7142857142857143,0.6998050682261209,0.011339964407410984,2513
fedens_dt_iid,ciciot2023,42,BruteForce,0.7625,0.20333333333333334,0.32105263157894737,0.0002543507362784471,300
fedens_dt_iid,ciciot2023,42,WebAttack,0.7666666666666667,0.15333333333333332,0.25555555555555554,0.00018741633199464524,300
fedens_dt_iid,ciciot2023,42,Malware,0.9990007771733096,0.9934857016672187,0.9962356067316209,0.0001364815067558346,9057
fedens_dt_iid,ciciot2023,42,Spoofing,0.9403606102635229,0.8114901256732495,0.8711853517507228,0.0011727965743430293,1671
fedens_dt_iid,toniot_network,42,Benign,0.9803921568627451,0.9602501116569897,0.970216606498195,0.0005909596910517708,2239
fedens_dt_iid,toniot_network,42,DDoS,0.999351044412898,0.9999188344628871,0.999634858812074,0.00031770616151386983,24641
fedens_dt_iid,toniot_network,42,DoS,0.9975806451612903,0.9991922455573505,0.9983857949959645,0.00017130620985010707,4952
fedens_dt_iid,toniot_network,42,Reconnaissance,0.9985120945457637,0.9995744318665418,0.9990429807958147,0.0006795588692140416,23498
fedens_dt_iid,toniot_network,42,BruteForce,0.9995648389904265,0.9995648389904265,0.9995648389904265,4.404768896458566e-05,6894
fedens_dt_iid,toniot_network,42,WebAttack,0.99886503357609,0.9994321945679947,0.9991485335856197,0.0001862341894932878,10567
fedens_dt_iid,toniot_network,42,Malware,0.9990215264187867,0.9931906614785992,0.9960975609756098,2.7417541743207303e-05,2056
fedens_dt_iid,toniot_network,42,Spoofing,0.94375,0.9741935483870968,0.9587301587301588,0.0001202453004128422,155
fedens_dt_alpha2.0,edgeiiot,42,Benign,0.9999631248041005,0.999981562062099,0.9999723433481142,9.632519385445263e-05,54236
fedens_dt_alpha2.0,edgeiiot,42,DDoS,0.9724125331140951,0.9723237120935331,0.9723681205754738,0.004714992740160185,10948
fedens_dt_alpha2.0,edgeiiot,42,Reconnaissance,0.9950191570881226,0.9690298507462687,0.9818525519848771,0.00017975912277548085,2680
fedens_dt_alpha2.0,edgeiiot,42,BruteForce,0.9348973607038124,0.8416050686378036,0.8858016115587664,0.0015183639969906298,1894
fedens_dt_alpha2.0,edgeiiot,42,WebAttack,0.8946231397023524,0.9539288456616329,0.9233246624550973,0.006175097057334158,3907
fedens_dt_alpha2.0,edgeiiot,42,Malware,1.0,1.0,1.0,0.0,1275
fedens_dt_alpha2.0,edgeiiot,42,Spoofing,1.0,1.0,1.0,0.0,59
fedens_dt_alpha2.0,cicids2017,42,Benign,0.9984987166448739,0.9990147783251232,0.9987566808222054,0.007107374856706152,61915
fedens_dt_alpha2.0,cicids2017,42,DDoS,0.9992183428869202,0.9979182930002602,0.9985678948053639,4.216029343564231e-05,3843
fedens_dt_alpha2.0,cicids2017,42,DoS,0.9982749698119717,0.9956985547143841,0.9969850977689724,0.00014453373417355612,5812
fedens_dt_alpha2.0,cicids2017,42,Reconnaissance,0.9959394610557402,0.9955719557195571,0.9957556744786861,0.00015216489140960023,2710
fedens_dt_alpha2.0,cicids2017,42,BruteForce,0.9679715302491103,0.8526645768025078,0.9066666666666666,0.00012051258017434153,319
fedens_dt_alpha2.0,cicids2017,42,WebAttack,0.672566371681416,0.7378640776699029,0.7037037037037037,0.0004940117761726104,103
fedens_dt_alpha2.0,cicids2017,42,Malware,0.8952380952380953,0.9463087248322147,0.9200652528548124,0.00044175524082353885,298
fedens_dt_alpha2.0,ciciot2023,42,Benign,0.7692135334976473,0.8529192546583851,0.8089066918001885,0.014512152166255723,4025
fedens_dt_alpha2.0,ciciot2023,42,DDoS,0.8579115764979639,0.9475870298551988,0.9005223042449487,0.21764312764535532,43577
fedens_dt_alpha2.0,ciciot2023,42,DoS,0.7474033149171271,0.49893044183816476,0.5983987260583006,0.03720521458913139,13557
fedens_dt_alpha2.0,ciciot2023,42,Reconnaissance,0.6812898387701537,0.7230401910067649,0.7015444015444016,0.011726240567274131,2513
fedens_dt_alpha2.0,ciciot2023,42,BruteForce,0.7238095238095238,0.25333333333333335,0.37530864197530867,0.00038821954484605085,300
fedens_dt_alpha2.0,ciciot2023,42,WebAttack,0.5733333333333334,0.14333333333333334,0.22933333333333333,0.000428380187416332,300
fedens_dt_alpha2.0,ciciot2023,42,Malware,0.9989996665555185,0.9923815833057303,0.9956796277833168,0.0001364815067558346,9057
fedens_dt_alpha2.0,ciciot2023,42,Spoofing,0.9172733289212442,0.829443447037702,0.8711502199874293,0.001704646183638124,1671
fedens_dt_alpha2.0,toniot_network,42,Benign,0.9755213055303718,0.9611433675748102,0.9682789651293588,0.0007421354259719913,2239
fedens_dt_alpha2.0,toniot_network,42,DDoS,0.9992699545749514,0.9998782516943305,0.9995740105888796,0.0003574194317031036,24641
fedens_dt_alpha2.0,toniot_network,42,DoS,0.9981843857171676,0.9991922455573505,0.9986880613583611,0.0001284796573875803,4952
fedens_dt_alpha2.0,toniot_network,42,Reconnaissance,0.9985543603044347,0.9994467614265043,0.9990003615713465,0.0006601429015222119,23498
fedens_dt_alpha2.0,toniot_network,42,BruteForce,0.9997098505730451,0.9995648389904265,0.9996373395227388,2.936512597639044e-05,6894
fedens_dt_alpha2.0,toniot_network,42,WebAttack,0.9989590233746569,0.9989590233746569,0.9989590233746569,0.0001707146737021805,10567
fedens_dt_alpha2.0,toniot_network,42,Malware,1.0,0.9922178988326849,0.99609375,0.0,2056
fedens_dt_alpha2.0,toniot_network,42,Spoofing,0.9207317073170732,0.9741935483870968,0.9467084639498433,0.00017368765615188319,155
fedens_dt_alpha1.0,edgeiiot,42,Benign,0.9999446872061508,0.999963124124198,0.9999539055801905,0.00014448779078167894,54236
fedens_dt_alpha1.0,edgeiiot,42,DDoS,0.9775726811259806,0.9674826452320059,0.9725014919891659,0.003793851774367301,10948
fedens_dt_alpha1.0,edgeiiot,42,Reconnaissance,0.9942484662576687,0.9675373134328358,0.9807110438729199,0.00020741437243324714,2680
fedens_dt_alpha1.0,edgeiiot,42,BruteForce,0.9315389116442364,0.8405491024287223,0.8837080210935332,0.001600437726557691,1894
fedens_dt_alpha1.0,edgeiiot,42,WebAttack,0.8818989710009355,0.9651906833887893,0.9216668703409507,0.007103471557981207,3907
fedens_dt_alpha1.0,edgeiiot,42,Malware,1.0,1.0,1.0,0.0,1275
fedens_dt_alpha1.0,edgeiiot,42,Spoofing,1.0,1.0,1.0,0.0,59
fedens_dt_alpha1.0,cicids2017,42,Benign,0.998256855561115,0.9989340224501333,0.9985953242056316,0.008253725640045855,61915
fedens_dt_alpha1.0,cicids2017,42,DDoS,0.9992185464964835,0.9981785063752276,0.9986982556625879,4.216029343564231e-05,3843
fedens_dt_alpha1.0,cicids2017,42,DoS,0.9981034482758621,0.9960426703372333,0.9970719944884602,0.0001589871075909117,5812
fedens_dt_alpha1.0,cicids2017,42,Reconnaissance,0.9959364610269671,0.9948339483394834,0.9953848993908068,0.00015216489140960023,2710
fedens_dt_alpha1.0,cicids2017,42,BruteForce,0.9395973154362416,0.877742946708464,0.9076175040518638,0.00024102516034868305,319
fedens_dt_alpha1.0,cicids2017,42,WebAttack,0.7052631578947368,0.6504854368932039,0.6767676767676768,0.0003738467495360295,103
fedens_dt_alpha1.0,cicids2017,42,Malware,0.8881578947368421,0.9060402684563759,0.8970099667774086,0.000455141763272737,298
fedens_dt_alpha1.0,ciciot2023,42,Benign,0.724068882659191,0.8983850931677019,0.8018627342277415,0.019415287072913,4025
fedens_dt_alpha1.0,ciciot2023,42,DDoS,0.858859803674805,0.9396470615232806,0.8974389883072338,0.21414250708080068,43577
fedens_dt_alpha1.0,ciciot2023,42,DoS,0.7233930453108536,0.5063804676550859,0.5957391417538075,0.04272252331429129,13557
fedens_dt_alpha1.0,ciciot2023,42,Reconnaissance,0.7222727272727273,0.6323119777158774,0.6743051135158074,0.008429097631299405,2513
fedens_dt_alpha1.0,ciciot2023,42,BruteForce,0.6544117647058824,0.2966666666666667,0.40825688073394495,0.0006291834002677376,300
fedens_dt_alpha1.0,ciciot2023,42,WebAttack,0.5633802816901409,0.13333333333333333,0.215633423180593,0.0004149933065595716,300
fedens_dt_alpha1.0,ciciot2023,42,Malware,0.9984466881171641,0.9935961135033675,0.9960154952960708,0.00021230456606463158,9057
fedens_dt_alpha1.0,ciciot2023,42,Spoofing,0.9556338028169014,0.8120885697187313,0.8780329990294403,0.0008591416765536146,1671
fedens_dt_alpha1.0,toniot_network,42,Benign,0.9834177798249655,0.9535506922733363,0.9682539682539683,0.0004947569506479942,2239
fedens_dt_alpha1.0,toniot_network,42,DDoS,0.9993510970515472,1.0,0.9996754432228488,0.00031770616151386983,24641
fedens_dt_alpha1.0,toniot_network,42,DoS,0.9967767929089444,0.9991922455573505,0.9979830576845502,0.00022840827980014276,4952
fedens_dt_alpha1.0,toniot_network,42,Reconnaissance,0.9982996811902232,0.9994467614265043,0.9988728919890266,0.0007766387076731904,23498
fedens_dt_alpha1.0,toniot_network,42,BruteForce,0.9997098505730451,0.9995648389904265,0.9996373395227388,2.936512597639044e-05,6894
fedens_dt_alpha1.0,toniot_network,42,WebAttack,0.998299480396788,1.0,0.9991490166414524,0.0002793512842399317,10567
fedens_dt_alpha1.0,toniot_network,42,Malware,1.0,0.9936770428015564,0.9968284947548183,0.0,2056
fedens_dt_alpha1.0,toniot_network,42,Spoofing,0.926829268292683,0.9806451612903225,0.9529780564263323,0.00016032706721712294,155
fedens_dt_alpha0.5,edgeiiot,42,Benign,0.9999446872061508,0.999963124124198,0.9999539055801905,0.00014448779078167894,54236
fedens_dt_alpha0.5,edgeiiot,42,DDoS,0.9918832737462556,0.9376141761052247,0.9639855378691835,0.0013114549343491906,10948
fedens_dt_alpha0.5,edgeiiot,42,Reconnaissance,0.9863739591218774,0.9723880597014926,0.9793310785419015,0.0004977944938397931,2680
fedens_dt_alpha0.5,edgeiiot,42,BruteForce,0.8536455561468866,0.8468848996832101,0.8502517890272993,0.003761712605156966,1894
fedens_dt_alpha0.5,edgeiiot,42,WebAttack,0.8466432645897324,0.9877143588431021,0.9117542823390431,0.009832329938671018,3907
fedens_dt_alpha0.5,edgeiiot,42,Malware,1.0,1.0,1.0,0.0,1275
fedens_dt_alpha0.5,edgeiiot,42,Spoofing,1.0,1.0,1.0,0.0,59
fedens_dt_alpha0.5,cicids2017,42,Benign,0.9977257330881641,0.9990632318501171,0.9983940345242226,0.010775697363393198,61915
fedens_dt_alpha0.5,cicids2017,42,DDoS,0.99921875,0.9984387197501952,0.9988285825849278,4.216029343564231e-05,3843
fedens_dt_alpha0.5,cicids2017,42,DoS,0.997929963774366,0.9953544390915348,0.9966405375139977,0.00017344048100826734,5812
fedens_dt_alpha0.5,cicids2017,42,Reconnaissance,0.995910780669145,0.9885608856088561,0.9922222222222222,0.00015216489140960023,2710
fedens_dt_alpha0.5,cicids2017,42,BruteForce,0.9172185430463576,0.8683385579937304,0.8921095008051529,0.0003347571671509487,319
fedens_dt_alpha0.5,cicids2017,42,WebAttack,0.6521739130434783,0.4368932038834951,0.5232558139534884,0.0003204400710308824,103
fedens_dt_alpha0.5,cicids2017,42,Malware,0.8914473684210527,0.9093959731543624,0.9003322259136213,0.00044175524082353885,298
fedens_dt_alpha0.5,ciciot2023,42,Benign,0.7536488279522335,0.8467080745341615,0.7974727974727974,0.015695667488552306,4025
fedens_dt_alpha0.5,ciciot2023,42,DDoS,0.890055389464414,0.8813135369575693,0.8856628923275603,0.15097221780224676,43577
fedens_dt_alpha0.5,ciciot2023,42,DoS,0.6309006763972944,0.653610680829092,0.642054923556264,0.08437088032810898,13557
fedens_dt_alpha0.5,ciciot2023,42,Reconnaissance,0.6652892561983471,0.7047353760445683,0.6844444444444444,0.012291859229930884,2513
fedens_dt_alpha0.5,ciciot2023,42,BruteForce,0.7647058823529411,0.21666666666666667,0.33766233766233766,0.0002677376171352075,300
fedens_dt_alpha0.5,ciciot2023,42,WebAttack,0.42857142857142855,0.11,0.17506631299734748,0.0005890227576974565,300
fedens_dt_alpha0.5,ciciot2023,42,Malware,0.9989981075364578,0.9908358175996467,0.99490022172949,0.0001364815067558346,9057
fedens_dt_alpha0.5,ciciot2023,42,Spoofing,0.930264048747461,0.822262118491921,0.8729351969504447,0.0014046284553178143,1671
fedens_dt_alpha0.5,toniot_network,42,Benign,0.9648173207036536,0.9553372041089773,0.9600538599640933,0.001071973393070654,2239
fedens_dt_alpha0.5,toniot_network,42,DDoS,0.9993510970515472,1.0,0.9996754432228488,0.00031770616151386983,24641
fedens_dt_alpha0.5,toniot_network,42,DoS,0.9961747533722569,0.9991922455573505,0.9976812178647041,0.0002712348322626695,4952
fedens_dt_alpha0.5,toniot_network,42,Reconnaissance,0.9983418367346939,0.9992765341731211,0.9988089667786805,0.0007572227399813607,23498
fedens_dt_alpha0.5,toniot_network,42,BruteForce,0.9998549042367962,0.9995648389904265,0.9997098505730451,1.468256298819522e-05,6894
fedens_dt_alpha0.5,toniot_network,42,WebAttack,0.9982027998486568,0.9986751206586543,0.9984389043947206,0.00029487080003103906,10567
fedens_dt_alpha0.5,toniot_network,42,Malware,0.9995073891625615,0.9868677042801557,0.9931473323543808,1.3708770871603651e-05,2056
fedens_dt_alpha0.5,toniot_network,42,Spoofing,0.9591836734693877,0.9096774193548387,0.9337748344370861,8.016353360856147e-05,155
snn_tuned,edgeiiot,42,Benign,0.9836740617120467,0.9998340585588907,0.9916882309373372,0.043346337234503686,54236
snn_tuned,edgeiiot,42,DDoS,0.9665141811527905,0.9649251004749726,0.9657189871103391,0.00571419649966433,10948
snn_tuned,edgeiiot,42,Reconnaissance,0.9835626911314985,0.9600746268656717,0.9716767371601208,0.0005945878676419751,2680
snn_tuned,edgeiiot,42,BruteForce,0.970873786407767,0.6863780359028511,0.8042066192390969,0.000533479242185897,1894
snn_tuned,edgeiiot,42,WebAttack,0.8727810650887574,0.8305605323777835,0.8511475409836066,0.0066533505879705175,3907
snn_tuned,edgeiiot,42,Malware,0.9958677685950413,0.9450980392156862,0.9698189134808853,6.782051977646357e-05,1275
snn_tuned,edgeiiot,42,Spoofing,1.0,1.0,1.0,0.0,59
snn_tuned,cicids2017,42,Benign,0.9972099474244428,0.9986756036501655,0.9979422373931779,0.013221245701184563,61915
snn_tuned,cicids2017,42,DDoS,0.9997396511325176,0.9992193598750976,0.9994794377928162,1.4053431145214103e-05,3843
snn_tuned,cicids2017,42,DoS,0.9972255938963066,0.989504473503097,0.9933500302271353,0.00023125397467768977,5812
snn_tuned,cicids2017,42,Reconnaissance,0.9952170713760118,0.9981549815498155,0.9966838614591009,0.00017983123530225482,2710
snn_tuned,cicids2017,42,BruteForce,0.9782608695652174,0.8463949843260188,0.907563025210084,8.034172011622768e-05,319
snn_tuned,cicids2017,42,WebAttack,0.581081081081081,0.8349514563106796,0.6852589641434262,0.0008278035168297796,103
snn_tuned,cicids2017,42,Malware,0.8524590163934426,0.697986577181208,0.7675276752767528,0.0004819148081711333,298
snn_tuned,ciciot2023,42,Benign,0.7082889409759215,0.8258385093167702,0.7625602202339986,0.019288481859809792,4025
snn_tuned,ciciot2023,42,DDoS,0.8629852517375827,0.934575578860408,0.8973548237834503,0.2057728415491837,43577
snn_tuned,ciciot2023,42,DoS,0.7149180162961473,0.5242310245629564,0.6049025448974381,0.04612404993245772,13557
snn_tuned,ciciot2023,42,Reconnaissance,0.6597003154574133,0.6657381615598886,0.662705486234898,0.011905583070067735,2513
snn_tuned,ciciot2023,42,BruteForce,0.5365853658536586,0.29333333333333333,0.3793103448275862,0.0010174029451137884,300
snn_tuned,ciciot2023,42,WebAttack,0.46825396825396826,0.19666666666666666,0.27699530516431925,0.0008969210174029451,300
snn_tuned,ciciot2023,42,Malware,0.9959134084382594,0.9955835265540466,0.9957484401744796,0.0005610906388850977,9057
snn_tuned,ciciot2023,42,Spoofing,0.750386398763524,0.5810891681627768,0.6549747048903879,0.004404805738520912,1671
snn_tuned,toniot_network,42,Benign,0.9744165170556554,0.9696292987941045,0.9720170136556974,0.0007833651718593241,2239
snn_tuned,toniot_network,42,DDoS,0.9992291463810451,0.9995130067773224,0.9993710564223255,0.00037727606679772047,24641
snn_tuned,toniot_network,42,DoS,0.9989905108015344,0.9991922455573505,0.9990913679959617,7.137758743754462e-05,4952
snn_tuned,toniot_network,42,Reconnaissance,0.9989364417595508,0.9992765341731211,0.9991064590247638,0.000485399192295744,23498
snn_tuned,toniot_network,42,BruteForce,0.9994190268700073,0.9981143022918479,0.9987662384788446,5.873025195278088e-05,6894
snn_tuned,toniot_network,42,WebAttack,0.9983922829581994,0.9990536576133245,0.9987228607918263,0.0002638317684488244,10567
snn_tuned,toniot_network,42,Malware,0.9970660146699266,0.9917315175097277,0.9943916118019995,8.225262522962191e-05,2056
snn_tuned,toniot_network,42,Spoofing,0.950920245398773,1.0,0.9748427672955975,0.00010688471147808195,155
ann_tuned,edgeiiot,42,Benign,0.9999631050767415,0.9994468618629693,0.9997049168234297,9.632519385445263e-05,54236
ann_tuned,edgeiiot,42,DDoS,0.9778862987192481,0.9694008037997808,0.9736250630705013,0.003747014098140544,10948
ann_tuned,edgeiiot,42,Reconnaissance,0.9927811550151976,0.975,0.9838102409638554,0.0002627248717487797,2680
ann_tuned,edgeiiot,42,BruteForce,0.9334931096464949,0.82259767687434,0.8745439236598372,0.0015183639969906298,1894
ann_tuned,edgeiiot,42,WebAttack,0.8772663877266388,0.9659585359610955,0.9194786210257035,0.007426996005176391,3907
ann_tuned,edgeiiot,42,Malware,0.9984326018808778,0.9992156862745099,0.9988239905919247,2.7128207910585428e-05,1275
ann_tuned,edgeiiot,42,Spoofing,1.0,1.0,1.0,0.0,59
ann_tuned,cicids2017,42,Benign,0.9976771196283392,0.9989178712751353,0.9982971099292212,0.01100496752006114,61915
ann_tuned,cicids2017,42,DDoS,1.0,0.9986989331251627,0.9993490430933473,0.0,3843
ann_tuned,cicids2017,42,DoS,0.9984450587422253,0.994322092222987,0.9963793103448276,0.0001300803607562005,5812
ann_tuned,cicids2017,42,Reconnaissance,0.9959543949981611,0.9992619926199262,0.997605452201142,0.00015216489140960023,2710
ann_tuned,cicids2017,42,BruteForce,0.9785714285714285,0.8589341692789969,0.9148580968280468,8.034172011622768e-05,319
ann_tuned,cicids2017,42,WebAttack,0.6041666666666666,0.8446601941747572,0.7044534412955465,0.0007610451686983458,103
ann_tuned,cicids2017,42,Malware,0.8744769874476988,0.7013422818791947,0.7783985102420856,0.0004015956734759444,298
ann_tuned,ciciot2023,42,Benign,0.7398139946855624,0.8300621118012422,0.7823439878234398,0.01655512504402959,4025
ann_tuned,ciciot2023,42,DDoS,0.85976258527528,0.945705303256305,0.9006884493497979,0.21391974031760175,43577
ann_tuned,ciciot2023,42,DoS,0.7442213781877374,0.505864129232131,0.6023186369225364,0.038360757124489366,13557
ann_tuned,ciciot2023,42,Reconnaissance,0.7089142374313477,0.6677278153601274,0.6877049180327869,0.009505152648061031,2513
ann_tuned,ciciot2023,42,BruteForce,0.5176470588235295,0.29333333333333333,0.37446808510638296,0.0010977242302543508,300
ann_tuned,ciciot2023,42,WebAttack,0.3686635944700461,0.26666666666666666,0.30947775628626695,0.0018340026773761714,300
ann_tuned,ciciot2023,42,Malware,0.9965715549657156,0.9949210555371536,0.9957456213050445,0.00047010296771454133,9057
ann_tuned,ciciot2023,42,Spoofing,0.827922077922078,0.7630161579892281,0.7941451261289318,0.003613849909312823,1671
ann_tuned,toniot_network,42,Benign,0.9821189092534645,0.9812416257257704,0.9816800714924039,0.0005497299451644379,2239
ann_tuned,toniot_network,42,DDoS,0.9997159321483646,0.9997565033886612,0.9997362173568979,0.00013899644566231807,24641
ann_tuned,toniot_network,42,DoS,0.9995961227786753,0.9995961227786753,0.9995961227786753,2.8551034975017845e-05,4952
ann_tuned,toniot_network,42,Reconnaissance,0.9992764109985528,0.9991063069197379,0.9991913517194416,0.00033007145076110594,23498
ann_tuned,toniot_network,42,BruteForce,0.9991299303944315,0.9994197853205686,0.9992748368382887,8.809537792917132e-05,6894
ann_tuned,toniot_network,42,WebAttack,0.9994323557237464,0.9997160972839974,0.9995742063679803,9.31170947466439e-05,10567
ann_tuned,toniot_network,42,Malware,0.99951171875,0.9956225680933852,0.9975633528265108,1.3708770871603651e-05,2056
ann_tuned,toniot_network,42,Spoofing,0.950920245398773,1.0,0.9748427672955975,0.00010688471147808195,155
transformer_baseline,edgeiiot,42,Benign,0.9938568313442284,0.781528873810753,0.8749961294318006,0.012618600394933295,54236
transformer_baseline,edgeiiot,42,DDoS,0.7961798276263685,0.9366094263792474,0.8607042430855751,0.040982966698412206,10948
transformer_baseline,edgeiiot,42,Reconnaissance,0.8448763250883392,0.8921641791044777,0.8678765880217786,0.0060703272998796996,2680
transformer_baseline,edgeiiot,42,BruteForce,0.08151031529778124,0.5527983104540655,0.1420720537349888,0.16138431023869776,1894
transformer_baseline,edgeiiot,42,WebAttack,0.6290003951007507,0.40747376503711286,0.49456352904628764,0.013208237213751195,3907
transformer_baseline,edgeiiot,42,Malware,0.9875621890547264,0.9341176470588235,0.9600967351874244,0.0002034615593293907,1275
transformer_baseline,edgeiiot,42,Spoofing,1.0,1.0,1.0,0.0,59
transformer_baseline,cicids2017,42,Benign,0.9965023075054651,0.993927158200759,0.9952130670332336,0.01650745128009171,61915
transformer_baseline,cicids2017,42,DDoS,0.9950726141078838,0.9984387197501952,0.9967528250422133,0.000267015191759068,3843
transformer_baseline,cicids2017,42,DoS,0.9634310751600944,0.9836545079146594,0.9734377660480164,0.0031363820315661677,5812
transformer_baseline,cicids2017,42,Reconnaissance,0.9879518072289156,0.9985239852398524,0.9932097632593136,0.00045649467422880066,2710
transformer_baseline,cicids2017,42,BruteForce,0.950530035335689,0.8432601880877743,0.893687707641196,0.00018746401360453127,319
transformer_baseline,cicids2017,42,WebAttack,0.5235294117647059,0.8640776699029126,0.652014652014652,0.001081485239729228,103
transformer_baseline,cicids2017,42,Malware,0.7566539923954373,0.6677852348993288,0.7094474153297683,0.0008567374367486814,298
transformer_baseline,ciciot2023,42,Benign,0.6699830651989839,0.7863354037267081,0.7235112584295348,0.021965480803099683,4025
transformer_baseline,ciciot2023,42,DDoS,0.859556046008234,0.929481148312183,0.8931520744440402,0.21061006269293192,43577
transformer_baseline,ciciot2023,42,DoS,0.6973644653772924,0.5133141550490522,0.5913494221617946,0.04915124587015608,13557
transformer_baseline,ciciot2023,42,Reconnaissance,0.6266149870801033,0.5789892558694787,0.6018614270941055,0.011960765378619615,2513
transformer_baseline,ciciot2023,42,BruteForce,0.10887096774193548,0.09,0.09854014598540146,0.0029585006693440426,300
transformer_baseline,ciciot2023,42,WebAttack,0.25263157894736843,0.16,0.19591836734693877,0.0019009370816599732,300
transformer_baseline,ciciot2023,42,Malware,0.9896555518873116,0.9929336424864745,0.9912918871252204,0.0014254735150053834,9057
transformer_baseline,ciciot2023,42,Spoofing,0.7266566265060241,0.5774985038898863,0.6435478492830944,0.0049502925172851125,1671
transformer_baseline,toniot_network,42,Benign,0.9570093457943926,0.9146940598481464,0.9353733729161909,0.0012643788738782072,2239
transformer_baseline,toniot_network,42,DDoS,0.9916828165374677,0.9967939612840387,0.9942318201137444,0.004090466829491075,24641
transformer_baseline,toniot_network,42,DoS,0.9941649899396379,0.997778675282714,0.9959685547268696,0.00041399000713775874,4952
transformer_baseline,toniot_network,42,Reconnaissance,0.9985047208100141,0.994637841518427,0.9965675301140603,0.0006795588692140416,23498
transformer_baseline,toniot_network,42,BruteForce,0.9694023448670289,0.9834638816362054,0.9763824884792627,0.003142068479473777,6894
transformer_baseline,toniot_network,42,WebAttack,0.9876755517340212,0.9783287593451311,0.9829799372444613,0.002002017537052844,10567
transformer_baseline,toniot_network,42,Malware,0.9801836636056066,0.9863813229571985,0.9832727272727273,0.0005620596057357497,2056
transformer_baseline,toniot_network,42,Spoofing,0.7914438502673797,0.9548387096774194,0.8654970760233918,0.0005210629684556495,155
fl_dnn_iid,edgeiiot,42,Benign,0.8711574617152223,0.9995759274282764,0.9309589840899138,0.3861677021625006,54236
fl_dnn_iid,edgeiiot,42,DDoS,0.897396035755927,0.8436244062842528,0.8696798493408663,0.016486862031818393,10948
fl_dnn_iid,edgeiiot,42,Reconnaissance,0.646095717884131,0.5742537313432836,0.6080600553141051,0.01165668773074849,2680
fl_dnn_iid,edgeiiot,42,BruteForce,0.0,0.0,0.0,0.0,1894
fl_dnn_iid,edgeiiot,42,WebAttack,0.31666666666666665,0.004863066291272076,0.009579026972523318,0.0005767174928261971,3907
fl_dnn_iid,edgeiiot,42,Malware,0.0,0.0,0.0,0.0,1275
fl_dnn_iid,edgeiiot,42,Spoofing,1.0,0.576271186440678,0.7311827956989247,0.0,59
fl_dnn_iid,cicids2017,42,Benign,0.9837548870980611,0.995671485100541,0.9896773157810242,0.07779900649598777,61915
fl_dnn_iid,cicids2017,42,DDoS,0.9550561797752809,0.9953161592505855,0.9747706422018348,0.0025296176061385387,3843
fl_dnn_iid,cicids2017,42,DoS,0.9727988546886185,0.9353062629043358,0.9536842105263158,0.002196912759438053,5812
fl_dnn_iid,cicids2017,42,Reconnaissance,0.9686360320933625,0.9800738007380074,0.9743213499633162,0.0011896527873841473,2710
fl_dnn_iid,cicids2017,42,BruteForce,0.0,0.0,0.0,0.0,319
fl_dnn_iid,cicids2017,42,WebAttack,0.0,0.0,0.0,0.0,103
fl_dnn_iid,cicids2017,42,Malware,0.0,0.0,0.0,0.0,298
fl_dnn_iid,ciciot2023,42,Benign,0.6243739565943238,0.8362732919254658,0.7149532710280374,0.028531172948221203,4025
fl_dnn_iid,ciciot2023,42,DDoS,0.8221320516861015,0.9577988388370011,0.8847951666754995,0.2873691245266206,43577
fl_dnn_iid,ciciot2023,42,DoS,0.748378728923476,0.3404883086228517,0.46803548795944233,0.0252591833081067,13557
fl_dnn_iid,ciciot2023,42,Reconnaissance,0.6124093473005641,0.6048547552725826,0.6086086086086087,0.013271345206726723,2513
fl_dnn_iid,ciciot2023,42,BruteForce,0.0,0.0,0.0,0.0,300
fl_dnn_iid,ciciot2023,42,WebAttack,0.0,0.0,0.0,0.0,300
fl_dnn_iid,ciciot2023,42,Malware,0.9654574986464537,0.9844319311030142,0.9748523944893943,0.0048375111839012485,9057
fl_dnn_iid,ciciot2023,42,Spoofing,0.5878661087866108,0.33632555356074206,0.4278644842025124,0.005373044770827367,1671
fl_dnn_iid,toniot_network,42,Benign,0.7482837528604119,0.292094685127289,0.4201734661098619,0.0030235146984044087,2239
fl_dnn_iid,toniot_network,42,DDoS,0.9124545243439894,0.9567793514873585,0.9340914043463618,0.04491570858402335,24641
fl_dnn_iid,toniot_network,42,DoS,0.8962053571428571,0.972940226171244,0.9329976762199845,0.007965738758029979,4952
fl_dnn_iid,toniot_network,42,Reconnaissance,0.9892298487050175,0.9850200017022726,0.9871204367110201,0.0048928238583411,23498
fl_dnn_iid,toniot_network,42,BruteForce,0.60677808727948,0.3791702930084131,0.4667023745759686,0.024872261702002702,6894
fl_dnn_iid,toniot_network,42,WebAttack,0.6686463555726957,0.8203842150089903,0.7367839537650859,0.06667183983859704,10567
fl_dnn_iid,toniot_network,42,Malware,0.9213699951760733,0.9289883268482491,0.9251634778396706,0.0022345296520713954,2056
fl_dnn_iid,toniot_network,42,Spoofing,0.8529411764705882,0.9354838709677419,0.8923076923076924,0.0003340147233690061,155
fl_dnn_alpha2.0,edgeiiot,42,Benign,0.8721768225982884,0.9996681171177816,0.9315807560137457,0.3826999951837403,54236
fl_dnn_alpha2.0,edgeiiot,42,DDoS,0.8923017482855211,0.8438070880526124,0.8673771184451434,0.017408002997611277,10948
fl_dnn_alpha2.0,edgeiiot,42,Reconnaissance,0.6505775577557755,0.5884328358208956,0.6179467084639498,0.011711998230064021,2680
fl_dnn_alpha2.0,edgeiiot,42,BruteForce,0.0,0.0,0.0,0.0,1894
fl_dnn_alpha2.0,edgeiiot,42,WebAttack,0.0,0.0,0.0,0.0,3907
fl_dnn_alpha2.0,edgeiiot,42,Malware,0.0,0.0,0.0,0.0,1275
fl_dnn_alpha2.0,edgeiiot,42,Spoofing,1.0,0.9830508474576272,0.9914529914529915,0.0,59
fl_dnn_alpha2.0,cicids2017,42,Benign,0.9800651776488355,0.995736089800533,0.9878384874218875,0.09583492548719909,61915
fl_dnn_alpha2.0,cicids2017,42,DDoS,0.9401730531520396,0.989591465001301,0.9642494929006086,0.003400930337141813,3843
fl_dnn_alpha2.0,cicids2017,42,DoS,0.9672993798158241,0.8855815554026153,0.924638462229408,0.002514886974619876,5812
fl_dnn_alpha2.0,cicids2017,42,Reconnaissance,0.971051667277391,0.977859778597786,0.9744438315866887,0.0010928205837598562,2710
fl_dnn_alpha2.0,cicids2017,42,BruteForce,0.0,0.0,0.0,0.0,319
fl_dnn_alpha2.0,cicids2017,42,WebAttack,0.0,0.0,0.0,0.0,103
fl_dnn_alpha2.0,cicids2017,42,Malware,0.0,0.0,0.0,0.0,298
fl_dnn_alpha2.0,ciciot2023,42,Benign,0.6521833586791224,0.7458385093167702,0.6958738989337042,0.022557238464247974,4025
fl_dnn_alpha2.0,ciciot2023,42,DDoS,0.8424432590733187,0.9241801867957867,0.8814208487448294,0.23969703720204946,43577
fl_dnn_alpha2.0,ciciot2023,42,DoS,0.6626846220677671,0.45009957955299845,0.5360860970788491,0.05055091711016715,13557
fl_dnn_alpha2.0,ciciot2023,42,Reconnaissance,0.5232668566001899,0.6577795463589335,0.5828631875881524,0.020776139169782167,2513
fl_dnn_alpha2.0,ciciot2023,42,BruteForce,0.0,0.0,0.0,0.0,300
fl_dnn_alpha2.0,ciciot2023,42,WebAttack,0.0,0.0,0.0,0.0,300
fl_dnn_alpha2.0,ciciot2023,42,Malware,0.9743505784763152,0.9856464613006515,0.979965969592184,0.0035636837875134587,9057
fl_dnn_alpha2.0,ciciot2023,42,Spoofing,0.528692380056444,0.33632555356074206,0.4111192392099488,0.006832221904021601,1671
fl_dnn_alpha2.0,toniot_network,42,Benign,0.6061997703788748,0.23581956230460027,0.33954983922829585,0.004713934279785056,2239
fl_dnn_alpha2.0,toniot_network,42,DDoS,0.858727357845079,0.9677366989976056,0.9099790116390002,0.07789757947618196,24641
fl_dnn_alpha2.0,toniot_network,42,DoS,0.8803272450532724,0.9343699515347335,0.9065438871473355,0.008979300499643112,4952
fl_dnn_alpha2.0,toniot_network,42,Reconnaissance,0.990699291581555,0.9700825602178909,0.9802825381125422,0.004155017086051569,23498
fl_dnn_alpha2.0,toniot_network,42,BruteForce,0.5753754442279032,0.7280243690165361,0.6427610936799641,0.054384213308275094,6894
fl_dnn_alpha2.0,toniot_network,42,WebAttack,0.8416942988554925,0.7446768240749503,0.7902189194617393,0.02296888337083883,10567
fl_dnn_alpha2.0,toniot_network,42,Malware,0.0,0.0,0.0,0.0,2056
fl_dnn_alpha2.0,toniot_network,42,Spoofing,0.96,0.15483870967741936,0.26666666666666666,1.3360588934760244e-05,155
fl_dnn_alpha1.0,edgeiiot,42,Benign,0.8743966032191924,0.9986171546574231,0.9323876498790639,0.37470500409382074,54236
fl_dnn_alpha1.0,edgeiiot,42,DDoS,0.8886752547587002,0.8443551333576909,0.8659484777517564,0.018079343023528125,10948
fl_dnn_alpha1.0,edgeiiot,42,Reconnaissance,0.8730350665054414,0.5388059701492537,0.6663590216889709,0.00290380121406546,2680
fl_dnn_alpha1.0,edgeiiot,42,BruteForce,0.0,0.0,0.0,0.0,1894
fl_dnn_alpha1.0,edgeiiot,42,WebAttack,0.5625,0.13590990529818275,0.2189239332096475,0.005809373769200473,3907
fl_dnn_alpha1.0,edgeiiot,42,Malware,0.0,0.0,0.0,0.0,1275
fl_dnn_alpha1.0,edgeiiot,42,Spoofing,1.0,0.9830508474576272,0.9914529914529915,0.0,59
fl_dnn_alpha1.0,cicids2017,42,Benign,0.974264004578114,0.9898893644512639,0.9820145325781307,0.12372946121513183,61915
fl_dnn_alpha1.0,cicids2017,42,DDoS,0.9345267287886219,0.9916731720010409,0.9622522408786769,0.003752266115772166,3843
fl_dnn_alpha1.0,cicids2017,42,DoS,0.9739884393063584,0.8697522367515486,0.91892383203054,0.0019512054113430075,5812
fl_dnn_alpha1.0,cicids2017,42,Reconnaissance,0.83669854764435,0.8715867158671586,0.8537863726730526,0.006377092267256882,2710
fl_dnn_alpha1.0,cicids2017,42,BruteForce,0.0,0.0,0.0,1.3390286686037948e-05,319
fl_dnn_alpha1.0,cicids2017,42,WebAttack,0.0,0.0,0.0,0.0,103
fl_dnn_alpha1.0,cicids2017,42,Malware,0.0,0.0,0.0,0.0,298
fl_dnn_alpha1.0,ciciot2023,42,Benign,0.6292711830930279,0.7915527950310559,0.7011443661971831,0.026445931666079607,4025
fl_dnn_alpha1.0,ciciot2023,42,DDoS,0.8494055482166446,0.8853294168942332,0.8669955167028102,0.21767495146866944,43577
fl_dnn_alpha1.0,ciciot2023,42,DoS,0.607311215867651,0.5036512502766098,0.5506451612903226,0.07185521540289373,13557
fl_dnn_alpha1.0,ciciot2023,42,Reconnaissance,0.5798637395912187,0.6096299243931556,0.5943743937924345,0.01531309062314622,2513
fl_dnn_alpha1.0,ciciot2023,42,BruteForce,0.0,0.0,0.0,6.693440428380188e-05,300
fl_dnn_alpha1.0,ciciot2023,42,WebAttack,0.0,0.0,0.0,0.0,300
fl_dnn_alpha1.0,ciciot2023,42,Malware,0.9265595660337993,0.9806779286739539,0.9528509360081532,0.010675886750678617,9057
fl_dnn_alpha1.0,ciciot2023,42,Spoofing,0.4197886647454371,0.26152004787552363,0.3222713864306785,0.008236850359339416,1671
fl_dnn_alpha1.0,toniot_network,42,Benign,0.5473441108545035,0.21170165252344797,0.30531400966183575,0.005387353462611492,2239
fl_dnn_alpha1.0,toniot_network,42,DDoS,0.8352074179150953,0.979668032953208,0.9016883310921858,0.09457715295566013,24641
fl_dnn_alpha1.0,toniot_network,42,DoS,0.8723642470610189,0.9440630048465266,0.9067985646397052,0.009764453961456103,4952
fl_dnn_alpha1.0,toniot_network,42,Reconnaissance,0.9866905554133606,0.9843390926887394,0.9855134213890072,0.0060577819198508855,23498
fl_dnn_alpha1.0,toniot_network,42,BruteForce,0.49915397631133673,0.08558166521612996,0.14611193660227836,0.00869207728901157,6894
fl_dnn_alpha1.0,toniot_network,42,WebAttack,0.5943454633005434,0.8176398220876313,0.6883365200764818,0.09151858462015985,10567
fl_dnn_alpha1.0,toniot_network,42,Malware,0.9634317862165963,0.3331712062256809,0.49512106975063247,0.000356428042661695,2056
fl_dnn_alpha1.0,toniot_network,42,Spoofing,1.0,0.012903225806451613,0.025477707006369428,0.0,155
fl_dnn_alpha0.5,edgeiiot,42,Benign,0.8729151909330929,0.9997418688693857,0.9320338283828383,0.3801955401435245,54236
fl_dnn_alpha0.5,edgeiiot,42,DDoS,0.911516275236918,0.8082754841066861,0.8567970565453137,0.013411187959594699,10948
fl_dnn_alpha0.5,edgeiiot,42,Reconnaissance,0.8752327746741154,0.5261194029850746,0.657189466324866,0.0027793525906055117,2680
fl_dnn_alpha0.5,edgeiiot,42,BruteForce,0.0,0.0,0.0,0.0,1894
fl_dnn_alpha0.5,edgeiiot,42,WebAttack,0.47378516624040923,0.18965958535961094,0.27088283677572655,0.011576548697462443,3907
fl_dnn_alpha0.5,edgeiiot,42,Malware,0.0,0.0,0.0,0.0,1275
fl_dnn_alpha0.5,edgeiiot,42,Spoofing,0.0,0.0,0.0,0.0,59
fl_dnn_alpha0.5,cicids2017,42,Benign,0.9851037616601865,0.9943955422757006,0.9897278441332968,0.0711501719526175,61915
fl_dnn_alpha0.5,cicids2017,42,DDoS,0.9701718907987866,0.9986989331251627,0.9842287472752917,0.0016583048751352644,3843
fl_dnn_alpha0.5,cicids2017,42,DoS,0.9396642182581322,0.9244666207845836,0.9320034692107545,0.004986413828987686,5812
fl_dnn_alpha0.5,cicids2017,42,Reconnaissance,0.9893697798025817,0.9616236162361623,0.9752994011976048,0.0003873288144971642,2710
fl_dnn_alpha0.5,cicids2017,42,BruteForce,0.9896373056994818,0.5987460815047022,0.74609375,2.6780573372075897e-05,319
fl_dnn_alpha0.5,cicids2017,42,WebAttack,0.0,0.0,0.0,0.0,103
fl_dnn_alpha0.5,cicids2017,42,Malware,0.0,0.0,0.0,0.0,298
fl_dnn_alpha0.5,ciciot2023,42,Benign,0.6115004492362983,0.8454658385093168,0.7096976016684046,0.030461430081014443,4025
fl_dnn_alpha0.5,ciciot2023,42,DDoS,0.8791915941883264,0.8026252380843105,0.8391655370145995,0.152945294847723,43577
fl_dnn_alpha0.5,ciciot2023,42,DoS,0.5051611423328364,0.6497750239728554,0.568414260364575,0.14043910616343602,13557
fl_dnn_alpha0.5,ciciot2023,42,Reconnaissance,0.6380597014925373,0.5443692797453243,0.587502684131415,0.010705367859064384,2513
fl_dnn_alpha0.5,ciciot2023,42,BruteForce,0.0,0.0,0.0,0.0,300
fl_dnn_alpha0.5,ciciot2023,42,WebAttack,0.0,0.0,0.0,0.0,300
fl_dnn_alpha0.5,ciciot2023,42,Malware,0.9965370866845398,0.9849839902837584,0.9907268587928258,0.00047010296771454133,9057
fl_dnn_alpha0.5,ciciot2023,42,Spoofing,0.5540661304736372,0.3710353081986834,0.4444444444444444,0.006804947565083391,1671
fl_dnn_alpha0.5,toniot_network,42,Benign,1.0,0.15453327378293882,0.2676982591876209,0.0,2239
fl_dnn_alpha0.5,toniot_network,42,DDoS,0.9029406325134085,0.9906659632320117,0.9447712671259385,0.05210381048827466,24641
fl_dnn_alpha0.5,toniot_network,42,DoS,0.84855272226051,0.9945476575121163,0.9157679434734102,0.012548179871520343,4952
fl_dnn_alpha0.5,toniot_network,42,Reconnaissance,0.9889481379547604,0.9786790365137459,0.983786789869952,0.004989903696800248,23498
fl_dnn_alpha0.5,toniot_network,42,BruteForce,0.6067095685198861,0.8342036553524804,0.7024980150247359,0.054736594819991775,6894
fl_dnn_alpha0.5,toniot_network,42,WebAttack,0.802289740202554,0.6896943314091039,0.7417434227265788,0.027873050360828742,10567
fl_dnn_alpha0.5,toniot_network,42,Malware,0.0,0.0,0.0,0.0,2056
fl_dnn_alpha0.5,toniot_network,42,Spoofing,0.0,0.0,0.0,0.0,155
fl_cnnbilstm_iid,edgeiiot,42,Benign,0.9864955864955864,0.9993915480492662,0.9929016953499236,0.035736646920001926,54236
fl_cnnbilstm_iid,edgeiiot,42,DDoS,0.9623392245766633,0.9499451954694922,0.95610204550678,0.006354311408096673,10948
fl_cnnbilstm_iid,edgeiiot,42,Reconnaissance,0.988313856427379,0.8835820895522388,0.9330181245074862,0.000387173495208728,2680
fl_cnnbilstm_iid,edgeiiot,42,BruteForce,0.8819374369323916,0.4614572333685322,0.605892547660312,0.001600437726557691,1894
fl_cnnbilstm_iid,edgeiiot,42,WebAttack,0.7099236641221374,0.8331200409521372,0.7666038624587848,0.01870815281606932,3907
fl_cnnbilstm_iid,edgeiiot,42,Malware,0.9703947368421053,0.9254901960784314,0.9474106784423926,0.0004883077423905377,1275
fl_cnnbilstm_iid,edgeiiot,42,Spoofing,1.0,1.0,1.0,0.0,59
fl_cnnbilstm_iid,cicids2017,42,Benign,0.9957286310665527,0.9977549866752806,0.9967407789860918,0.020252197172334733,61915
fl_cnnbilstm_iid,cicids2017,42,DDoS,0.9968806862490253,0.9979182930002602,0.9973992197659298,0.00016864117374256924,3843
fl_cnnbilstm_iid,cicids2017,42,DoS,0.9911779968863519,0.9858912594631797,0.9885275597343224,0.0007371220442851361,5812
fl_cnnbilstm_iid,cicids2017,42,Reconnaissance,0.9948263118994827,0.9933579335793358,0.9940915805022157,0.0001936644072485821,2710
fl_cnnbilstm_iid,cicids2017,42,BruteForce,0.9696969696969697,0.8025078369905956,0.8782161234991424,0.00010712229348830359,319
fl_cnnbilstm_iid,cicids2017,42,WebAttack,0.535483870967742,0.8058252427184466,0.6434108527131783,0.0009613202130926473,103
fl_cnnbilstm_iid,cicids2017,42,Malware,0.8543689320388349,0.5906040268456376,0.6984126984126984,0.0004015956734759444,298
fl_cnnbilstm_iid,ciciot2023,42,Benign,0.6441904761904762,0.8402484472049689,0.7292722371967655,0.0263191264529764,4025
fl_cnnbilstm_iid,ciciot2023,42,DDoS,0.8404512977838776,0.9555728939578217,0.8943225626322177,0.25156732329822107,43577
fl_cnnbilstm_iid,ciciot2023,42,DoS,0.7469168197323537,0.4199306631260603,0.5376080079323858,0.03139495141838777,13557
fl_cnnbilstm_iid,ciciot2023,42,Reconnaissance,0.6463310580204779,0.6028651014723438,0.6238418777022854,0.011436533447376772,2513
fl_cnnbilstm_iid,ciciot2023,42,BruteForce,0.5405405405405406,0.26666666666666666,0.35714285714285715,0.0009103078982597055,300
fl_cnnbilstm_iid,ciciot2023,42,WebAttack,0.7692307692307693,0.06666666666666667,0.12269938650306748,8.032128514056225e-05,300
fl_cnnbilstm_iid,ciciot2023,42,Malware,0.9968923418423974,0.9917191122888374,0.9942989981734655,0.00042460913212926315,9057
fl_cnnbilstm_iid,ciciot2023,42,Spoofing,0.7144212523719166,0.4506283662477558,0.5526605504587156,0.004104788010200602,1671
fl_cnnbilstm_iid,toniot_network,42,Benign,0.6159185562239704,0.5944618133095132,0.605,0.011406896362162088,2239
fl_cnnbilstm_iid,toniot_network,42,DDoS,0.9644655735063051,0.9715108964733574,0.9679754154704622,0.017513552153452076,24641
fl_cnnbilstm_iid,toniot_network,42,DoS,0.9790387465593903,0.9337641357027464,0.9558656330749354,0.0014132762312633832,4952
fl_cnnbilstm_iid,toniot_network,42,Reconnaissance,0.9720096401843474,0.9783385820069793,0.9751638422872171,0.012853370611991302,23498
fl_cnnbilstm_iid,toniot_network,42,BruteForce,0.7134591194968554,0.8227444154337105,0.7642144974400431,0.03344687848710871,6894
fl_cnnbilstm_iid,toniot_network,42,WebAttack,0.8432410001037453,0.7691870918898458,0.8045135108383649,0.023449988360363157,10567
fl_cnnbilstm_iid,toniot_network,42,Malware,0.9969403365629781,0.9508754863813229,0.9733632063729151,8.225262522962191e-05,2056
fl_cnnbilstm_iid,toniot_network,42,Spoofing,0.71875,0.44516129032258067,0.549800796812749,0.0003607359012385266,155
fl_cnnbilstm_alpha2.0,edgeiiot,42,Benign,0.9870889026477765,0.9994284239250683,0.9932203389830508,0.03414728122140346,54236
fl_cnnbilstm_alpha2.0,edgeiiot,42,DDoS,0.9629322268326418,0.9538728534892218,0.9583811315560042,0.006276248614385411,10948
fl_cnnbilstm_alpha2.0,edgeiiot,42,Reconnaissance,0.987444309437019,0.9097014925373135,0.9469799961157507,0.0004286563696953774,2680
fl_cnnbilstm_alpha2.0,edgeiiot,42,BruteForce,0.9006211180124224,0.6124604012671595,0.7291011942174733,0.0017509062307639696,1894
fl_cnnbilstm_alpha2.0,edgeiiot,42,WebAttack,0.7730278696268305,0.837727156385974,0.8040781230807026,0.013517695380633545,3907
fl_cnnbilstm_alpha2.0,edgeiiot,42,Malware,0.984873949579832,0.9192156862745098,0.9509127789046653,0.00024415387119526886,1275
fl_cnnbilstm_alpha2.0,edgeiiot,42,Spoofing,1.0,1.0,1.0,0.0,59
fl_cnnbilstm_alpha2.0,cicids2017,42,Benign,0.9963414241046965,0.9984494872001938,0.9973943417687822,0.017348108521207488,61915
fl_cnnbilstm_alpha2.0,cicids2017,42,DDoS,0.9979193758127438,0.9984387197501952,0.9981789802289281,0.00011242744916171283,3843
fl_cnnbilstm_alpha2.0,cicids2017,42,DoS,0.9953206239168111,0.9881280110116999,0.9917112761181143,0.0003902410822686015,5812
fl_cnnbilstm_alpha2.0,cicids2017,42,Reconnaissance,0.9959514170040485,0.9985239852398524,0.9972360420121614,0.00015216489140960023,2710
fl_cnnbilstm_alpha2.0,cicids2017,42,BruteForce,1.0,0.8056426332288401,0.8923611111111112,0.0,319
fl_cnnbilstm_alpha2.0,cicids2017,42,WebAttack,0.551948051948052,0.8252427184466019,0.6614785992217899,0.0009212652042137869,103
fl_cnnbilstm_alpha2.0,cicids2017,42,Malware,0.8625592417061612,0.610738255033557,0.7151277013752456,0.00038820915102674627,298
fl_cnnbilstm_alpha2.0,ciciot2023,42,Benign,0.6983714892612698,0.7351552795031056,0.7162914548535464,0.01800634026065516,4025
fl_cnnbilstm_alpha2.0,ciciot2023,42,DDoS,0.8497693736564189,0.934323152121532,0.8900426276095749,0.22906788021512905,43577
fl_cnnbilstm_alpha2.0,ciciot2023,42,DoS,0.6934385471840883,0.47318728332226895,0.562521922132585,0.04615660042641147,13557
fl_cnnbilstm_alpha2.0,ciciot2023,42,Reconnaissance,0.5285956964892412,0.7429367290091524,0.6177005789909016,0.02296963593471933,2513
fl_cnnbilstm_alpha2.0,ciciot2023,42,BruteForce,0.2111111111111111,0.06333333333333334,0.09743589743589744,0.0009504685408299866,300
fl_cnnbilstm_alpha2.0,ciciot2023,42,WebAttack,0.6,0.02,0.03870967741935484,5.35475234270415e-05,300
fl_cnnbilstm_alpha2.0,ciciot2023,42,Malware,0.9932357507207806,0.9889588163851165,0.9910926694329184,0.0009250413235673233,9057
fl_cnnbilstm_alpha2.0,ciciot2023,42,Spoofing,0.7608008429926238,0.4320766008378217,0.5511450381679389,0.003095637469486833,1671
fl_cnnbilstm_alpha2.0,toniot_network,42,Benign,0.7062834875791525,0.6476105404198302,0.6756756756756757,0.008287178923353903,2239
fl_cnnbilstm_alpha2.0,toniot_network,42,DDoS,0.9605757443947962,0.9858366137737916,0.9730422591628279,0.019797065189333017,24641
fl_cnnbilstm_alpha2.0,toniot_network,42,DoS,0.9779987306960017,0.933562197092084,0.9552639735509867,0.0014846538187009279,4952
fl_cnnbilstm_alpha2.0,toniot_network,42,Reconnaissance,0.9887712958182757,0.9780832411269044,0.9833982285738736,0.005067567567567568,23498
fl_cnnbilstm_alpha2.0,toniot_network,42,BruteForce,0.6913993102727558,0.9596750797795184,0.8037417238656381,0.043357608504140485,6894
fl_cnnbilstm_alpha2.0,toniot_network,42,WebAttack,0.9422216699801192,0.717611431816031,0.8147193123824873,0.007216574842864903,10567
fl_cnnbilstm_alpha2.0,toniot_network,42,Malware,0.9853238866396761,0.9469844357976653,0.9657738095238095,0.0003975543552765059,2056
fl_cnnbilstm_alpha2.0,toniot_network,42,Spoofing,0.6041666666666666,0.3741935483870968,0.46215139442231074,0.0005077023795208893,155
fl_cnnbilstm_alpha1.0,edgeiiot,42,Benign,0.9798315682943579,0.9996681171177816,0.9896504517659943,0.05374945817078457,54236
fl_cnnbilstm_alpha1.0,edgeiiot,42,DDoS,0.9387392193473815,0.964377055169894,0.9513854471727866,0.010757052973411813,10948
fl_cnnbilstm_alpha1.0,edgeiiot,42,Reconnaissance,0.9894470240607851,0.8746268656716418,0.9285006932065756,0.00034569062072207856,2680
fl_cnnbilstm_alpha1.0,edgeiiot,42,BruteForce,0.8751027115858668,0.5623020063357973,0.6846673095467696,0.002079201149032214,1894
fl_cnnbilstm_alpha1.0,edgeiiot,42,WebAttack,0.8144959733407386,0.7507038648579473,0.7812999467234949,0.009396275248973162,3907
fl_cnnbilstm_alpha1.0,edgeiiot,42,Malware,0.9982935153583617,0.9176470588235294,0.9562729873314262,2.7128207910585428e-05,1275
fl_cnnbilstm_alpha1.0,edgeiiot,42,Spoofing,1.0,1.0,1.0,0.0,59
fl_cnnbilstm_alpha1.0,cicids2017,42,Benign,0.9957315207061515,0.9984333360251958,0.9970805980741625,0.020252197172334733,61915
fl_cnnbilstm_alpha1.0,cicids2017,42,DDoS,0.9979188345473465,0.9981785063752276,0.998048653570964,0.00011242744916171283,3843
fl_cnnbilstm_alpha1.0,cicids2017,42,DoS,0.9944357503042949,0.9839986235375086,0.9891896566634957,0.00046250794935537954,5812
fl_cnnbilstm_alpha1.0,cicids2017,42,Reconnaissance,0.9955555555555555,0.9918819188191882,0.9937153419593345,0.0001659980633559275,2710
fl_cnnbilstm_alpha1.0,cicids2017,42,BruteForce,0.9706959706959707,0.8307210031347962,0.8952702702702703,0.00010712229348830359,319
fl_cnnbilstm_alpha1.0,cicids2017,42,WebAttack,0.5363636363636364,0.5728155339805825,0.5539906103286385,0.0006809351509406252,103
fl_cnnbilstm_alpha1.0,cicids2017,42,Malware,0.8577405857740585,0.6879194630872483,0.7635009310986964,0.000455141763272737,298
fl_cnnbilstm_alpha1.0,ciciot2023,42,Benign,0.6935701438848921,0.7664596273291926,0.7281954443526496,0.019203945051074322,4025
fl_cnnbilstm_alpha1.0,ciciot2023,42,DDoS,0.8680597014925373,0.9008880831631365,0.8841692754667687,0.18989275371543138,43577
fl_cnnbilstm_alpha1.0,ciciot2023,42,DoS,0.64024034048235,0.5659069115586044,0.6007830853563039,0.07016258971729895,13557
fl_cnnbilstm_alpha1.0,ciciot2023,42,Reconnaissance,0.5825307206908004,0.6979705531237564,0.6350470673425054,0.017341040462427744,2513
fl_cnnbilstm_alpha1.0,ciciot2023,42,BruteForce,0.3673469387755102,0.06,0.10315186246418338,0.0004149933065595716,300
fl_cnnbilstm_alpha1.0,ciciot2023,42,WebAttack,1.0,0.0033333333333333335,0.006644518272425249,0.0,300
fl_cnnbilstm_alpha1.0,ciciot2023,42,Malware,0.9959852793576447,0.9860881086452468,0.991011984021305,0.0005459260270233384,9057
fl_cnnbilstm_alpha1.0,ciciot2023,42,Spoofing,0.6557750759878419,0.5164572112507481,0.5778372949447607,0.006177637769504561,1671
fl_cnnbilstm_alpha1.0,toniot_network,42,Benign,0.6815724815724816,0.619472979008486,0.6490407112774919,0.008905625111663895,2239
fl_cnnbilstm_alpha1.0,toniot_network,42,DDoS,0.9763873906268729,0.9917616979830364,0.9840144956714314,0.011735271340918568,24641
fl_cnnbilstm_alpha1.0,toniot_network,42,DoS,0.9805455698879255,0.936389337641357,0.9579588885445719,0.0013133476088508208,4952
fl_cnnbilstm_alpha1.0,toniot_network,42,Reconnaissance,0.9969392960380887,0.9980423865860925,0.9974905363446898,0.0013979496738117428,23498
fl_cnnbilstm_alpha1.0,toniot_network,42,BruteForce,0.9709431565576373,0.8870031911807369,0.9270770163735598,0.0026869090268397252,6894
fl_cnnbilstm_alpha1.0,toniot_network,42,WebAttack,0.8979989374889322,0.9597804485662913,0.9278624033667261,0.01787848219135563,10567
fl_cnnbilstm_alpha1.0,toniot_network,42,Malware,0.9928607853136155,0.9469844357976653,0.9693801344286781,0.00019192279220245112,2056
fl_cnnbilstm_alpha1.0,toniot_network,42,Spoofing,0.8712121212121212,0.7419354838709677,0.8013937282229965,0.00022713001189092415,155
fl_cnnbilstm_alpha0.5,edgeiiot,42,Benign,0.9865696087352138,0.9995574894903754,0.9930210832890664,0.035543996532293023,54236
fl_cnnbilstm_alpha0.5,edgeiiot,42,DDoS,0.9581003025579903,0.9545122396784801,0.9563029055136124,0.007134939345209286,10948
fl_cnnbilstm_alpha0.5,edgeiiot,42,Reconnaissance,0.983367139959432,0.9044776119402985,0.9422740524781341,0.0005669326179842089,2680
fl_cnnbilstm_alpha0.5,edgeiiot,42,BruteForce,0.9407265774378585,0.5195353748680043,0.6693877551020408,0.0008480952055262978,1894
fl_cnnbilstm_alpha0.5,edgeiiot,42,WebAttack,0.7505211952744962,0.8292807780906066,0.7879377431906615,0.015149383896922297,3907
fl_cnnbilstm_alpha0.5,edgeiiot,42,Malware,0.9680511182108626,0.9505882352941176,0.9592402057776019,0.0005425641582117085,1275
fl_cnnbilstm_alpha0.5,edgeiiot,42,Spoofing,0.9516129032258065,1.0,0.9752066115702479,4.00320256204964e-05,59
fl_cnnbilstm_alpha0.5,cicids2017,42,Benign,0.9961333977767037,0.9986271501251716,0.9973787151671574,0.01834161253343523,61915
fl_cnnbilstm_alpha0.5,cicids2017,42,DDoS,0.9989588755856325,0.9986989331251627,0.998828887443071,5.6213724580856414e-05,3843
fl_cnnbilstm_alpha0.5,cicids2017,42,DoS,0.9935997232312749,0.9883000688231246,0.9909428103165704,0.0005347748164421576,5812
fl_cnnbilstm_alpha0.5,cicids2017,42,Reconnaissance,0.9948301329394387,0.9940959409594096,0.9944629014396457,0.0001936644072485821,2710
fl_cnnbilstm_alpha0.5,cicids2017,42,BruteForce,0.9629629629629629,0.8150470219435737,0.8828522920203735,0.0001339028668603795,319
fl_cnnbilstm_alpha0.5,cicids2017,42,WebAttack,0.6226415094339622,0.6407766990291263,0.631578947368421,0.0005340667850514707,103
fl_cnnbilstm_alpha0.5,cicids2017,42,Malware,0.8699551569506726,0.6510067114093959,0.744721689059501,0.00038820915102674627,298
fl_cnnbilstm_alpha0.5,ciciot2023,42,Benign,0.6875455207574654,0.7036024844720496,0.6954813359528488,0.018133145473758366,4025
fl_cnnbilstm_alpha0.5,ciciot2023,42,DDoS,0.852753180013166,0.9215182320949125,0.8858031499536771,0.22066639086019793,43577
fl_cnnbilstm_alpha0.5,ciciot2023,42,DoS,0.6617778218214251,0.4925868554990042,0.5647834912043301,0.05554741793206712,13557
fl_cnnbilstm_alpha0.5,ciciot2023,42,Reconnaissance,0.6154158215010141,0.6036609629924393,0.6094817195660908,0.013078207126795149,2513
fl_cnnbilstm_alpha0.5,ciciot2023,42,BruteForce,0.24175824175824176,0.14666666666666667,0.1825726141078838,0.0018473895582329317,300
fl_cnnbilstm_alpha0.5,ciciot2023,42,WebAttack,0.12234910277324633,0.25,0.16429353778751368,0.0072021419009370815,300
fl_cnnbilstm_alpha0.5,ciciot2023,42,Malware,0.9957782468614599,0.9896212874020095,0.9926902204009304,0.0005762552507468571,9057
fl_cnnbilstm_alpha0.5,ciciot2023,42,Spoofing,0.5855354659248957,0.5038898862956314,0.5416532647153426,0.008127753003586575,1671
fl_cnnbilstm_alpha0.5,toniot_network,42,Benign,0.5817547357926222,0.5212148280482358,0.5498233215547703,0.011530585599824086,2239
fl_cnnbilstm_alpha0.5,toniot_network,42,DDoS,0.974061405651926,0.970780406639341,0.9724181385800524,0.012648676555270943,24641
fl_cnnbilstm_alpha0.5,toniot_network,42,DoS,0.9689922480620154,0.9339660743134087,0.9511568123393316,0.0021127765881513204,4952
fl_cnnbilstm_alpha0.5,toniot_network,42,Reconnaissance,0.9718648500442907,0.980508979487616,0.9761677788369876,0.01295045045045045,23498
fl_cnnbilstm_alpha0.5,toniot_network,42,BruteForce,0.7005471124620061,0.8357992457209168,0.7622197235266883,0.036163152639924825,6894
fl_cnnbilstm_alpha0.5,toniot_network,42,WebAttack,0.8460822824064502,0.7745812434938961,0.8087545081764735,0.023108559012958794,10567
fl_cnnbilstm_alpha0.5,toniot_network,42,Malware,0.9989738327347357,0.9469844357976653,0.9722846441947566,2.7417541743207303e-05,2056
fl_cnnbilstm_alpha0.5,toniot_network,42,Spoofing,0.6181818181818182,0.43870967741935485,0.5132075471698113,0.0005611447352599303,155
lnetskd_baseline,edgeiiot,42,Benign,0.9049597810486967,0.9998340585588907,0.9500341631773507,0.2742859895005539,54236
lnetskd_baseline,edgeiiot,42,DDoS,0.9972310532253102,0.8881987577639752,0.9395622976955409,0.0004215390860408112,10948
lnetskd_baseline,edgeiiot,42,Reconnaissance,0.9995525727069351,0.8335820895522388,0.9090539165818922,1.3827624828883142e-05,2680
lnetskd_baseline,edgeiiot,42,BruteForce,0.9925373134328358,0.07022175290390707,0.131163708086785,1.3678954927843512e-05,1894
lnetskd_baseline,edgeiiot,42,WebAttack,0.7296890672016049,0.37240849756846683,0.4931367564819522,0.007581725088617566,3907
lnetskd_baseline,edgeiiot,42,Malware,0.9977876106194691,0.7074509803921568,0.827902707664066,2.7128207910585428e-05,1275
lnetskd_baseline,edgeiiot,42,Spoofing,1.0,1.0,1.0,0.0,59
lnetskd_baseline,cicids2017,42,Benign,0.9789357159800743,0.9998061859000242,0.9892608869356772,0.10179594956056554,61915
lnetskd_baseline,cicids2017,42,DDoS,0.9997334044254865,0.975800156128025,0.9876218066894917,1.4053431145214103e-05,3843
lnetskd_baseline,cicids2017,42,DoS,0.9994136043784206,0.8797315898141775,0.9357613469985359,4.3360120252066834e-05,5812
lnetskd_baseline,cicids2017,42,Reconnaissance,0.9961904761904762,0.9649446494464945,0.9803186504217432,0.00013833171946327292,2710
lnetskd_baseline,cicids2017,42,BruteForce,1.0,0.5736677115987461,0.7290836653386454,0.0,319
lnetskd_baseline,cicids2017,42,WebAttack,0.0,0.0,0.0,0.0,103
lnetskd_baseline,cicids2017,42,Malware,1.0,0.30201342281879195,0.4639175257731959,0.0,298
lnetskd_baseline,ciciot2023,42,Benign,0.7313047962867457,0.7045962732919254,0.7177021384284449,0.014681225783726664,4025
lnetskd_baseline,ciciot2023,42,DDoS,0.7720991248405125,0.9859558941643528,0.866020317665081,0.4035897272698342,43577
lnetskd_baseline,ciciot2023,42,DoS,0.8495030761949834,0.26480784834402893,0.4037563965585109,0.010351057077291148,13557
lnetskd_baseline,ciciot2023,42,Reconnaissance,0.7480916030534351,0.5069637883008357,0.6043643263757116,0.005918302592188944,2513
lnetskd_baseline,ciciot2023,42,BruteForce,0.7804878048780488,0.21333333333333335,0.33507853403141363,0.00024096385542168674,300
lnetskd_baseline,ciciot2023,42,WebAttack,1.0,0.02,0.0392156862745098,0.0,300
lnetskd_baseline,ciciot2023,42,Malware,0.999663714830176,0.9846527547753119,0.9921014573367449,4.5493835585278195e-05,9057
lnetskd_baseline,ciciot2023,42,Spoofing,0.8957169459962756,0.28785158587672055,0.43568840579710144,0.0007636814902698796,1671
lnetskd_baseline,toniot_network,42,Benign,0.9466588511137163,0.7213041536400179,0.8187579214195184,0.0012506356252490964,2239
lnetskd_baseline,toniot_network,42,DDoS,0.9769462741052297,0.9991883446288706,0.9879421383143069,0.0115367049899724,24641
lnetskd_baseline,toniot_network,42,DoS,0.9862180786380219,0.9826332794830371,0.9844224155371232,0.0009707351891506067,4952
lnetskd_baseline,toniot_network,42,Reconnaissance,0.9914331532748143,0.9997872159332709,0.995592660083909,0.003941441441441441,23498
lnetskd_baseline,toniot_network,42,BruteForce,0.9941211052322163,0.9811430229184799,0.9875894291137393,0.0005873025195278087,6894
lnetskd_baseline,toniot_network,42,WebAttack,0.9842707340324118,0.9770985142424529,0.9806715106615377,0.0025607201055327074,10567
lnetskd_baseline,toniot_network,42,Malware,0.9826560951437067,0.9644941634241245,0.9734904270986745,0.00047980698050612784,2056
lnetskd_baseline,toniot_network,42,Spoofing,0.9407894736842105,0.9225806451612903,0.9315960912052117,0.0001202453004128422,155
